DrawNo,Number1,Number2,Number3,Number4,Number5,Number6,Bonus,1st Prize,2nd Prize,3rd Prize,4th Prize,5th Prize
1,10,23,29,33,37,40,16,0,0,143934100,143934100,143934000
2,9,13,21,25,32,42,2,2002006800,2002006800,189733600,94866800,189726000
3,11,16,19,21,27,31,30,2000000000,2000000000,0,0,163199900
4,14,27,30,31,40,42,2,0,0,211191200,211191200,211189600
5,16,24,29,40,41,42,3,0,0,0,0,253419600
6,14,15,26,27,40,42,34,6574451700,6574451700,588892800,196297600,588887400
7,2,9,16,25,26,40,42,0,0,433485000,48165000,433485000
8,8,19,25,34,37,39,9,0,0,789330000,131555000,789298800
9,2,4,16,17,36,39,14,0,0,3077826000,769456500,3077817600
10,9,25,30,33,41,44,6,83595692700,6430437900,9631962400,40813400,9631930800
11,1,7,36,37,41,42,14,23900761500,4780152300,3983459700,362132700,3983438800
12,2,11,21,25,39,45,44,16186148400,1348845700,2697688800,99914400,2697502500
13,22,23,25,37,38,42,26,0,0,2599855800,433309300,2599830000
14,2,6,12,31,33,40,15,37500193200,9375048300,3650175200,130363400,3650122700
15,3,4,16,30,31,37,13,17014245000,17014245000,2835707200,177231700,2835689900
16,6,7,24,37,38,40,33,17508584400,4377146100,2918096400,243174700,2918042400
17,3,4,9,17,32,37,1,16048473600,5349491200,2674745100,297193900,2674678200
18,3,12,13,19,32,35,29,0,0,2625259500,175017300,2625256800
19,6,30,38,39,40,43,26,40722959400,40722959400,4161899000,297278500,4161856700
20,10,14,18,20,23,30,41,19352212800,19352212800,3225367600,230383400,3225304800
21,6,12,17,18,31,32,21,18341934200,797475400,3056989000,117576500,3056979200
22,4,5,6,8,17,39,25,18208779600,4552194900,3034793600,94837300,3034759200
23,5,13,17,18,33,42,44,17271790800,4317947700,2878631700,125157900,2878593200
24,7,8,27,29,36,43,6,0,0,3168426600,176023700,3168402500
25,2,4,21,26,43,44,16,48455490600,24227745300,4907487200,175267400,4907398100
26,4,5,7,18,20,25,31,17475349500,3495069900,2912555100,74680900,2912490000
27,1,20,26,28,37,43,27,19087965000,9543982500,3181326400,198832900,3181315500
28,9,18,23,25,35,37,1,17003611000,1700361100,2833934400,128815200,2833874400
29,1,5,13,34,39,40,11,17762970000,3552594000,2960493900,174146700,2960473600
30,8,17,20,35,36,44,4,17457111000,8728555500,2909517600,132250800,2909515200
31,7,9,18,23,28,35,32,16213345800,8106672900,2702222900,93180100,2702169000
32,6,14,19,25,34,44,11,16345283000,1634528300,2724213800,55596200,2724193500
33,4,7,32,33,40,41,9,14903517600,14903517600,2483919400,60583400,2483912100
34,9,26,35,37,40,42,2,15284590000,3056918000,2547427500,56609500,2547339200
35,2,3,11,26,37,43,39,15163794600,5054598200,2527298400,105304100,2527217100
36,1,10,23,26,28,40,31,16014475800,16014475800,2669078200,140477800,2669030400
37,7,27,30,33,35,37,42,14957998200,4985999400,2492998000,124649900,2492927300
38,16,17,22,30,37,43,36,16124599200,5374866400,2687432400,149301800,2687414100
39,6,7,13,15,21,43,8,15742492800,2623748800,2623747500,104949900,2623696500
40,7,13,18,19,25,26,6,14919481200,1147652400,2486576400,56513100,2486529500
41,13,20,23,35,38,43,34,0,0,2297484000,109404000,2297470000
42,17,18,19,21,23,32,1,41395680600,6899280100,4601793000,131479800,4601656000
43,6,31,35,38,39,44,1,17749630800,17749630800,2958270000,140870000,2958199600
44,3,11,21,30,38,45,39,16810779000,3362155800,2801795600,121817200,2801743500
45,1,10,20,27,33,35,17,16712835600,8356417800,2785471200,103165600,2785433000
46,8,13,15,23,31,38,39,15983276400,5327758800,2663879400,68304600,2663822000
47,14,17,26,31,36,45,27,16250212000,3250042400,2708368300,246215300,2708345200
48,6,10,18,26,37,38,3,14494041600,2415673600,2415672500,96626900,2415647300
49,4,7,16,19,33,40,30,13772532200,1967504600,2295419700,46845300,2295333200
50,2,10,12,15,22,44,1,15681184200,5227061400,2613529800,186680700,2613464000
51,2,3,11,16,26,44,35,14526702000,2421117000,2421114800,93119800,2421047300
52,2,4,15,16,20,29,1,15603379600,3900844900,2600562900,200043300,2600536800
53,7,8,14,32,33,39,42,15043113000,5014371000,2507185000,100287400,2507132200
54,1,8,21,27,36,39,37,15445879800,5148626600,2574312000,171620800,2574307600
55,17,21,31,37,40,44,7,14177599200,7088799600,2362932000,98455500,2362869600
56,10,14,30,31,33,37,19,15110283600,3777570900,2518380300,86840700,2518362900
57,7,10,16,25,29,44,6,16457647600,4114411900,2742940000,109717600,2742912000
58,10,24,25,33,40,44,1,14705716800,3676429200,2450951100,62844900,2450952800
59,6,29,36,39,41,45,13,16510349200,4127587300,2751724600,119640200,2751711900
60,2,8,25,36,39,42,11,15207532200,2172504600,2534587200,93873600,2534496000
61,14,15,19,30,38,43,8,17705194000,3541038800,2950865500,268260500,2950860000
62,3,8,15,27,29,35,21,15817286400,15817286400,2636213800,119827900,2636137100
63,3,20,23,36,38,40,5,15844491000,7922245500,2640747200,101567200,2640672800
64,14,15,18,21,26,36,39,15599272000,3899818000,2599878600,236352600,2599833600
65,4,25,33,36,40,43,39,14911783200,3727945800,2485296000,92048000,2485233400
66,2,3,7,17,22,24,45,14740552800,3685138200,2456757000,129303000,2456721600
67,3,7,10,15,36,38,33,14801055500,2114436500,2466837400,39787700,2466838800
68,10,12,15,16,26,39,38,14729410500,2945882100,2454900000,122745000,2454873200
69,5,8,14,15,19,39,35,14888136600,4962712200,2481356000,124067800,2481303800
70,5,19,22,25,28,43,26,15093833400,5031277800,2515637600,179688400,2515594500
71,5,9,12,16,29,41,21,0,0,2484865600,88745200,2484805000
72,2,4,11,17,26,27,1,42386819800,3260524600,4579599200,104081800,4579495000
73,3,12,18,32,40,43,38,16599972600,2766662100,2766660000,106410000,2766617400
74,6,15,17,18,35,40,23,15854849400,5284949800,2642472000,66061800,2642450100
75,2,5,24,32,34,44,28,15658467600,3914616900,2609743100,137354900,2609743100
76,1,3,15,22,25,37,43,14902045200,7451022600,2483672800,146098400,2483628000
77,2,18,29,32,43,44,37,15467275800,5155758600,2577878200,135677800,2577851500
78,10,13,25,29,33,35,38,14079400000,3519850000,2346566200,106662100,2346526000
79,3,12,24,27,30,32,14,13665775200,3416443800,2277629210,73471910,2277630108
80,17,18,24,25,26,30,1,13809540000,13809540000,2301590000,143849375,2301590536
81,5,7,11,13,20,33,6,13571444400,2714288880,2261907400,113095370,2261908056
82,1,2,3,14,27,42,39,14562494400,14562494400,2427082400,121354120,2427082749
83,6,10,15,17,19,34,14,14173896600,7086948300,2362316100,157487740,2362316430
84,16,23,27,34,42,45,11,15339558000,7669779000,2556593008,150387824,2556593185
85,6,8,13,23,31,36,21,13848439200,3462109800,2308073225,74453975,2308073872
86,2,12,37,39,41,45,33,14252186400,14252186400,2375364400,148460275,2375364537
87,4,12,16,23,34,43,26,19792938605,1799358055,3298823121,99964337,3298823750
88,1,17,20,24,30,41,27,12278838600,3069709650,2046473122,66015262,2046474066
89,4,26,28,29,33,40,37,12744965700,4248321900,2124160950,70805365,2124161300
90,17,20,29,35,38,44,10,13165741200,3291435300,2194290232,64537948,2194290540
91,1,21,24,26,29,42,27,14331609600,3582902400,2388601600,74643800,2388601610
92,3,14,24,33,35,36,17,13565979306,1233270846,2260996550,45219931,2260998054
93,6,22,24,36,38,44,19,13615068900,2269178150,2269178158,87276083,2269178972
94,5,32,34,40,41,45,6,13472039700,2245339950,2245339972,59087894,2245340031
95,8,17,27,31,34,43,14,13981929904,1747741238,2330321664,48548368,2330322048
96,1,3,8,21,22,31,20,12929934605,1847133515,2154989120,56710240,2154990222
97,6,7,14,15,20,36,3,13465926000,1496214000,2244321002,48789587,2244321274
98,6,9,16,23,24,32,43,12711889200,3177972300,2118648240,47081072,2118649080
99,1,3,10,27,29,37,11,13015314300,2169219050,2169219080,54230477,2169220536
100,1,7,11,23,37,42,6,13261262100,3315315525,2210210352,61394732,2210211296
101,1,3,17,32,35,45,8,13536487500,2707297500,2256081280,59370560,2256081560
102,17,22,24,26,35,40,42,13114377603,1457153067,2185729608,91072067,2185729728
103,5,14,15,27,30,45,10,13532716504,1691589563,2255452760,59354020,2255453651
104,17,32,33,34,42,44,35,13221487500,6610743750,2203581263,95807881,2203582320
105,8,10,20,34,41,45,28,13667125800,3416781450,2277854306,87609781,2277854766
106,4,10,12,22,24,33,29,12967378512,810461157,2161229760,54030744,2161230192
107,1,4,5,6,9,31,17,13359855600,6679927800,2226642600,63618360,2226643968
108,7,18,22,23,29,44,12,13992305404,1998900772,2332050931,56879291,2332052282
109,1,5,34,36,42,44,33,14962058400,1246838200,2493676425,80441175,2493677278
110,7,20,22,23,29,43,1,13698786000,4566262000,2283131010,60082395,2283131952
111,7,18,31,33,36,40,27,13194284700,2199047450,2199047478,43118578,2199048396
112,26,29,30,33,41,42,43,14105440503,1567271167,2350906752,73465836,2350907670
113,4,9,28,33,36,45,26,14053760406,1561528934,2342293420,54471940,2342293779
114,11,14,19,26,28,41,2,14174070300,2362345050,2362345052,57618172,2362346364
115,1,2,6,9,25,28,31,13397306103,1488589567,2232884380,65673070,2232885470
116,2,4,25,31,34,37,17,13984231205,1997747315,2330705216,41619736,2330705310
117,5,10,22,34,36,44,35,14025405006,1558378334,2337567500,46751350,2337567620
118,3,4,10,17,19,22,38,12979897200,1297989720,2163316210,52763810,2163316704
119,3,11,13,14,17,21,38,13274094600,1474899400,2212349118,45149982,2212350448
120,4,6,10,11,32,37,30,13093590900,4364530300,2182265150,70395650,2182265535
121,12,28,30,34,38,43,9,13679296200,6839648100,2279882724,73544604,2279883540
122,1,11,16,17,36,40,8,13050664200,1450073800,2175110728,57239756,2175111587
123,7,17,18,28,30,45,27,12664913400,2532982680,2110818908,55547866,2110819102
124,4,16,23,25,29,42,1,12563426403,1395936267,2093904407,56592011,2093905660
125,2,8,32,33,35,36,18,12284095502,1754870786,2047349268,56870813,2047349408
126,7,20,22,27,40,43,1,12323713500,1369301500,2053952250,58684350,2053952333
127,3,5,10,29,32,43,35,11795634900,1965939150,1965939188,45719516,1965939389
128,12,30,34,36,37,45,39,12384258600,2064043100,2064043115,89741005,2064043360
129,19,23,25,28,38,42,17,12029926205,1093629655,2004987700,40099754,2004988680
130,7,19,24,27,42,45,31,12145986600,3036496650,2024331120,67477704,2024332238
131,8,10,11,14,15,21,37,11609715904,1451214488,1934952657,58634929,1934954280
132,3,17,23,34,41,45,43,11681894100,2920473525,1946982358,57264187,1946983712
133,4,7,15,18,23,26,13,11601940800,1450242600,1933656840,37914840,1933656932
134,3,12,20,23,31,35,43,11745775500,2349155100,1957629250,39152585,1957629898
135,6,14,22,28,35,39,16,12021054605,1717293515,2003509116,71553897,2003509616
136,2,16,30,36,41,42,11,11986164900,1997694150,1997694166,76834391,1997694401
137,7,9,20,25,36,39,15,11433631203,1270403467,1905605200,47640130,1905605424
138,10,11,27,28,37,39,19,11135760000,2227152000,1855960000,57998750,1855961082
139,9,11,15,20,28,43,13,11551471505,1650210215,1925245252,68758759,1925245584
140,3,13,17,18,19,28,8,10547314200,2109462840,1757885714,51702521,1757886380
141,8,12,29,31,42,43,2,11403314400,1900552400,1900552410,65536290,1900553512
142,12,16,30,34,40,44,19,11200921204,1018265564,1866820200,66672150,1866821034
143,26,27,28,42,43,45,8,11863754100,3954584700,1977292380,56494068,1977293334
144,4,15,17,26,36,37,43,11219523304,1402440413,1869920568,49208436,1869921942
145,2,3,13,20,27,44,9,11393514600,3797838200,1898919128,49971556,1898919176
146,2,19,27,35,41,42,25,12086830500,6043415250,2014471780,59249170,2014472268
147,4,6,13,21,40,42,36,11900281505,1700040215,1983380280,56668008,1983380580
148,21,25,33,34,35,36,17,11617982100,2323596420,1936330375,55323725,1936331475
149,2,11,21,34,41,42,27,11473365001,1639052143,1912227501,44470407,1912227777
150,2,18,25,28,37,39,16,11326583400,2831645850,1887763916,41038346,1887764351
151,1,2,10,13,18,19,15,10866536100,2716634025,1811089350,40246430,1811089371
152,1,5,13,26,29,34,43,11390659200,2278131840,1898443200,63281440,1898443360
153,3,8,11,12,13,36,33,10922104500,2730526125,1820350792,35006746,1820352048
154,6,19,21,35,40,45,20,11346514800,2836628700,1891085824,59096432,1891086665
155,16,19,20,32,33,41,4,10737051606,1193005734,1789508626,48365098,1789509150
156,5,18,28,30,42,45,2,11208799200,1401099900,1868133210,62271107,1868133840
157,19,26,30,33,35,39,37,10969807500,5484903750,1828301272,65296474,1828301475
158,4,9,13,18,21,34,7,10695443400,1069544340,1782573930,39612754,1782574956
159,1,18,30,41,42,43,32,10532443800,1755407300,1755407304,73141971,1755407556
160,3,7,8,34,39,41,1,10981610700,5490805350,1830268480,57195890,1830268856
161,22,34,36,40,42,45,44,13978133904,1996876272,2096355681,33275487,2096356619
162,1,5,21,25,38,41,24,11541328800,2308265760,1923554820,58289540,1923555548
163,7,11,26,28,29,44,16,11408085605,1629726515,1901347635,40454205,1901347640
164,6,9,10,11,39,41,27,12164813700,4054937900,2027468976,51986384,2027469156
165,5,13,18,19,22,42,31,13534853400,6767426700,2255808920,56395223,2255809905
166,9,12,27,36,39,45,14,12224299802,1111299982,2037383320,72763690,2037384129
167,24,27,28,30,36,39,4,12456114600,2491222920,2076019128,57667198,2076019751
168,3,10,31,40,42,43,30,11749734600,2349946920,1958289102,36264613,1958289168
169,16,27,35,37,43,45,19,12414441900,2482888380,2069073672,66744312,2069073859
170,2,11,13,15,31,42,10,11538649500,1923108250,1923108264,71226232,1923109496
171,4,16,25,29,34,35,1,11768038200,1961339700,1961339714,103228406,1961340392
172,4,19,21,24,26,41,35,11892694803,1081154073,1982115815,104321885,1982116708
173,3,9,24,30,33,34,18,11901894304,1487736788,1983649059,31486493,1983649952
174,13,14,18,22,35,39,16,12397721406,1771103058,2066286924,79472574,2066287150
175,19,26,28,31,33,36,17,11855663100,2371132620,1975943856,41165497,1975943934
176,4,17,30,32,33,34,15,11573315400,2314663080,1928885920,48222148,1928887140
177,1,10,13,16,37,43,6,11852998500,1693285500,1975499760,65849992,1975499820
178,1,5,11,12,18,23,9,11273105400,2254621080,1878850908,42701157,1878852348
179,5,9,17,25,39,43,32,10810939200,1081093920,1801823245,33996665,1801824640
180,2,15,20,21,29,34,22,11526743100,5763371550,1921123855,54889253,1921124652
181,14,21,23,32,40,45,44,11650579800,1941763300,1941763320,80906805,1941764157
182,13,15,27,29,34,40,35,11164318200,3721439400,1860719740,42289085,1860720860
183,2,18,24,34,40,42,5,10663329000,1777221500,1777221500,71088860,1777222302
184,1,2,6,16,20,33,41,10486518300,1747753050,1747753061,56379131,1747753403
185,1,2,4,8,19,38,14,10567457400,3522485800,1761242908,51801262,1761243036
186,4,10,14,19,21,45,9,10690943400,1187882600,1781823938,38735303,1781824870
187,1,2,8,18,29,38,42,10813137300,1544733900,1802189558,94852082,1802189900
188,19,24,27,30,31,34,36,10504215600,3501405200,1750702602,53051594,1750702800
189,8,14,32,35,37,45,28,10385325300,3461775100,1730887554,52451138,1730888565
190,8,14,18,30,31,44,15,10704956700,1784159450,1784159454,54065438,1784160008
191,5,6,24,25,32,37,8,10308458700,2577114675,1718076471,74698977,1718077080
192,4,8,11,18,37,45,33,9781393500,2445348375,1630232262,42900849,1630232442
193,6,14,18,26,36,39,13,10213349100,3404449700,1702224860,85111243,1702225330
194,15,20,23,26,39,44,28,10602271500,2650567875,1767045252,84145012,1767046208
195,7,10,19,22,35,40,31,10108918501,918992591,1684819752,25527572,1684821086
196,35,36,37,41,44,45,30,10918147800,727876520,1819691325,67395975,1819691874
197,7,12,16,34,42,45,4,10818109800,1803018300,1803018336,42929008,1803019198
198,12,19,20,25,41,45,2,10787130300,1797855050,1797855050,71914202,1797855150
199,14,21,22,25,30,36,43,10688504400,5344252200,1781417413,77452931,1781418094
200,5,6,13,14,17,20,7,10756932904,1344616613,1792822166,30910727,1792822330
201,3,11,24,38,39,44,26,9719465400,9719465400,1619910912,43781376,1619911629
202,12,14,27,33,39,44,17,11360350200,1893391700,1893391720,47334793,1893391808
203,1,3,11,24,30,32,7,10822823700,2164564740,1803803990,41948930,1803805136
204,3,12,14,35,40,45,5,10866777000,1358347125,1811129503,78744761,1811130080
205,1,3,21,29,35,37,30,11011330800,1835221800,1835221815,87391515,1835222454
206,1,2,3,15,20,25,43,10164296700,2032859340,1694049480,47056930,1694049909
207,3,11,14,31,32,37,38,10523368800,2104673760,1753894831,47402563,1753895805
208,14,25,31,34,40,44,24,10564604400,1760767400,1760767418,51787277,1760768064
209,2,7,18,20,24,33,37,9965378100,1660896350,1660896362,48849893,1660896468
210,10,19,22,23,25,37,39,10278171900,5139085950,1713028684,37239754,1713029010
211,12,13,17,20,33,41,8,10358002500,1035800250,1726333750,59528750,1726335024
212,11,12,18,21,31,38,8,10642989000,2660747250,1773831528,49273098,1773832492
213,2,3,4,5,20,24,42,11013424200,1376678025,1835570715,55623355,1835571351
214,5,7,20,25,28,37,32,11255847000,1406980875,1875974508,52110403,1875974692
215,2,3,7,15,43,44,4,11113827305,1587689615,1852304576,57884518,1852305312
216,7,16,17,33,36,40,1,11030579404,848506108,1838429901,29181427,1838430080
217,16,20,27,33,35,39,38,11278723204,1611246172,1879787221,64820249,1879787376
218,1,8,14,18,29,44,20,11116303200,2779075800,1852717204,71258354,1852717443
219,4,11,20,26,35,37,16,10875682503,1208409167,1812613772,44210092,1812613984
220,5,11,19,21,34,43,31,11748569700,1958094950,1958094964,69931963,1958095845
221,2,20,33,35,37,40,10,10800625500,1800104250,1800104284,40911461,1800104544
222,5,7,28,29,39,43,44,11375969100,2275193820,1895994870,57454390,1895995465
223,1,3,18,20,26,27,38,10487194200,1498170600,1747865730,44817070,1747866504
224,4,19,26,27,30,42,7,10853819700,1808969950,1808969968,69575768,1808970858
225,5,11,13,19,31,36,7,10663210800,1777201800,1777201826,43346386,1777202856
226,2,6,8,14,21,22,34,10464600900,1744100150,1744100174,45897373,1744101180
227,4,5,15,16,22,42,2,10507084800,5253542400,1751180808,72965867,1751181259
228,17,25,35,36,39,44,23,10320303006,1146700334,1720050501,44103859,1720051182
229,4,5,9,11,23,38,35,10160087700,1451441100,1693347957,62716591,1693348544
230,5,11,14,29,32,33,12,10343433304,1292929163,1723905550,68956222,1723905689
231,5,10,19,31,44,45,27,9795293100,1088365900,1632548856,85923624,1632549772
232,8,9,10,12,24,44,35,9998265600,1110918400,1666377612,92576534,1666377704
233,4,6,13,17,28,40,39,9991537500,999153750,1665256268,64048318,1665256866
234,13,21,22,24,26,37,4,10078975500,2519743875,1679829265,73036055,1679829787
235,21,22,26,27,31,37,8,10299990300,3433330100,1716665063,59195347,1716665238
236,1,4,8,13,37,39,7,10060080300,5030040150,1676680076,40894636,1676680470
237,1,11,17,21,24,44,33,10084415103,1440630729,1680735888,43095792,1680736050
238,2,4,15,28,31,34,35,10094945103,1121660567,1682490854,58016926,1682491252
239,11,15,24,39,41,44,7,10207261503,1134140167,1701210267,58662423,1701211056
240,6,10,16,40,41,43,21,10196502900,5098251450,1699417160,60693470,1699417152
241,2,16,24,27,28,35,21,10208065200,2552016300,1701344224,50039536,1701344635
242,4,19,20,21,32,34,43,9876339000,1234542375,1646056512,45723792,1646056830
243,2,12,17,19,28,42,34,9635400000,2408850000,1605900027,55375863,1605900384
244,13,16,25,36,37,38,19,9121583100,9121583100,1520263850,60810554,1520264888
245,9,11,27,31,32,38,22,9678081903,1382583129,1613013675,46086105,1613013948
246,13,18,21,23,26,39,15,9558871200,1911774240,1593145216,61274816,1593145626
247,12,15,28,36,39,40,13,10015883400,1669313900,1669313921,57562549,1669314591
248,3,8,17,23,38,45,13,9819834904,1227479363,1636639152,71158224,1636639620
249,3,8,27,31,41,44,11,9981412200,1663568700,1663568702,57364438,1663568830
250,19,23,30,37,43,45,38,9973631400,1994726280,1662271900,97780700,1662272110
251,6,7,19,25,28,38,45,10260931200,1282616400,1710155200,42753880,1710155754
252,14,23,26,31,39,45,28,9737628005,1391089715,1622938008,67622417,1622938828
253,8,19,25,31,34,36,33,9864758100,2466189525,1644126360,82206318,1644127191
254,1,5,19,20,24,30,27,9741015900,9741015900,1623502650,49197050,1623503525
255,1,5,6,24,27,42,32,9591711300,1598618550,1598618554,122970658,1598618664
256,4,11,14,21,23,43,32,9782034000,4891017000,1630339032,47951148,1630340120
257,6,13,27,31,32,37,4,9565508100,2391377025,1594251360,88569520,1594251738
258,14,27,30,31,38,40,17,9705737400,2426434350,1617622916,57772247,1617624028
259,4,5,14,35,42,45,34,9677067000,4838533500,1612844500,64513780,1612845070
260,7,12,15,24,37,40,43,9240342300,2310085575,1540057064,59232964,1540057848
261,6,11,16,18,31,43,2,9576897300,3192299100,1596149568,49879674,1596149952
262,9,12,24,25,29,31,36,9037483200,4518741600,1506247218,71726058,1506248128
263,1,27,28,32,37,40,18,9310229400,1551704900,1551704904,57470552,1551705732
264,9,16,27,36,41,44,5,9414224400,1344889200,1569037419,58112497,1569038388
265,5,9,34,37,38,39,12,9606708600,1200838575,1601118106,84269374,1601118660
266,3,4,9,11,22,42,37,9621635100,3207211700,1603605852,44544607,1603606476
267,7,8,24,34,36,41,1,9772989900,3257663300,1628831652,58172559,1628832268
268,3,10,19,24,32,45,12,9456681605,1350954515,1576113630,45031818,1576114572
269,5,18,20,36,42,43,32,9806999700,1961399940,1634499966,74295453,1634500062
270,5,9,12,20,21,26,27,9639150300,1927830060,1606525056,50203908,1606525758
271,3,8,9,27,29,40,36,9395508900,1565918150,1565918172,55925649,1565919256
272,7,9,12,27,39,43,28,9941605200,1104622800,1656934227,42485493,1656935540
273,1,8,24,31,34,44,6,10018629300,3339543100,1669771551,79512931,1669772440
274,13,14,15,26,35,39,25,10020342300,2505085575,1670057086,45136678,1670057136
275,14,19,20,35,38,40,26,10044066900,10044066900,1674011150,88105850,1674012065
276,4,15,21,33,39,41,25,9937707000,3312569000,1656284523,53428533,1656284922
277,10,12,13,15,25,29,20,9817883400,3272627800,1636313920,52784320,1636314576
278,3,11,37,39,41,43,13,9559590000,3186530000,1593265005,59009815,1593265806
279,7,16,31,36,37,38,11,9571026600,1914205320,1595171124,59080412,1595171200
280,10,11,23,24,36,37,35,9486809703,1355258529,1581134958,58560554,1581135080
281,1,3,4,6,14,41,12,9328099200,1554683200,1554683205,42018465,1554683592
282,2,5,10,18,31,32,30,9254368501,1322052643,1542394752,48199836,1542395405
283,6,8,18,31,38,45,42,9411673800,3137224600,1568612304,65358846,1568613169
284,2,7,15,24,30,45,28,9352920900,3117640300,1558820158,111344297,1558820715
285,13,33,37,40,41,45,2,9493110300,3164370100,1582185072,60853272,1582185546
286,1,15,19,40,42,44,17,9709698900,3236566300,1618283151,59936413,1618283338
287,6,12,24,27,35,37,41,9300599700,1328657100,1550099978,41894594,1550100370
288,1,12,17,28,35,41,10,9429046200,2357261550,1571507712,65479488,1571508576
289,3,14,33,37,38,42,10,0,0,1530280656,63761694,1530281212
290,8,13,18,32,39,45,7,27939787512,2149214424,3126350650,51251650,3126352523
291,3,7,8,18,20,42,45,10154096400,1450585200,1692349425,43393575,1692349566
292,17,18,31,32,33,34,10,10085235300,720373950,1680872556,45428988,1680873264
293,1,9,17,21,29,33,24,9940586400,1656764400,1656764403,78893543,1656765488
294,6,10,17,30,37,38,40,9626019900,2406504975,1604336656,61705256,1604337699
295,1,4,12,16,18,38,8,0,0,1637216750,62969875,1637217691
296,3,8,15,27,30,45,44,24528706200,3066088275,2450900995,46243415,2450901998
297,6,11,19,20,28,32,34,10113337500,5056668750,1685556264,60198438,1685556375
298,5,9,27,29,37,40,19,9909778500,9909778500,1651629760,41290744,1651630101
299,1,3,20,25,36,45,24,10386407703,1483772529,1731067971,59691999,1731068716
300,7,9,10,12,26,38,39,10033109100,836092425,1672184872,49181908,1672185552
301,7,11,13,33,37,43,26,10131695105,1447385015,1688615859,35927997,1688616283
302,13,19,20,32,38,42,4,10944334500,5472167250,1824055772,41455813,1824056010
303,2,14,17,30,38,45,43,10036494000,1672749000,1672749000,57681000,1672749528
304,4,10,16,26,33,41,38,9969876900,1661646150,1661646172,44909356,1661646500
305,7,8,18,21,23,39,9,10041050700,2008210140,1673508458,49220837,1673509410
306,4,18,23,30,34,41,19,10513347600,2102669520,1752224617,76183679,1752224732
307,5,15,21,23,25,45,12,10350573000,2587643250,1725095512,61610554,1725095944
308,14,15,17,19,37,45,40,10232872800,10232872800,1705478814,63165882,1705479432
309,1,2,5,11,18,36,22,9917852406,901622946,1652975400,66119016,1652975490
310,1,5,19,28,34,41,16,10373706600,1296713325,1728951116,59619004,1728951096
311,4,12,24,27,28,32,10,9901528504,1237691063,1650254774,38378018,1650254976
312,2,3,5,6,12,20,25,9435267300,629017820,1572544604,27112838,1572545088
313,9,17,34,35,43,45,2,10292536800,1715422800,1715422800,65977800,1715423360
314,15,17,19,34,38,41,2,9963073200,1660512200,1660512216,69188009,1660512348
315,1,13,33,35,43,45,23,10469829000,1308728625,1744971520,54530360,1744971902
316,10,11,21,27,31,39,43,10041518400,1673586400,1673586404,57709876,1673587740
317,3,10,11,22,36,39,8,10305034200,2576258550,1717505700,68700228,1717506624
318,2,17,19,20,34,45,21,10866929400,1207436600,1811154912,64684104,1811155261
319,5,8,22,28,33,42,37,10678296900,2135659380,1779716172,68450622,1779716485
320,16,19,23,25,41,45,3,11026135800,5513067900,1837689300,73507572,1837690271
321,12,18,20,21,25,34,42,11754816600,1959136100,1959136130,55975318,1959137224
322,9,18,29,32,38,43,20,11427268200,1904544700,1904544724,65673956,1904545415
323,10,14,15,32,36,42,3,11688203104,1461025388,1948033854,72149402,1948034850
324,2,4,21,25,33,36,17,11190782100,1865130350,1865130360,46628259,1865130608
325,7,17,20,32,44,45,33,10836734700,1806122450,1806122472,54730984,1806123180
326,16,23,25,33,36,39,40,10992807300,1832134550,1832134565,59101115,1832135310
327,6,12,13,17,32,44,24,10592097000,882674750,1765349508,45265372,1765350234
328,1,6,9,16,17,28,24,10918775400,1819795900,1819795920,60659864,1819796340
329,9,17,19,30,35,42,4,10982347200,1830391200,1830391200,55466400,1830391425
330,3,4,16,17,19,20,23,10460521800,1162280200,1743420320,54481885,1743421644
331,4,9,14,26,31,44,39,10829513100,2165902620,1804918860,40109308,1804919025
332,16,17,34,36,42,45,3,10875587104,1359448388,1812597884,48989132,1812598164
333,5,14,27,30,39,43,35,10856910001,1550987143,1809485028,50263473,1809486315
334,13,15,21,29,39,43,33,10661020804,1523002972,1776836827,57317317,1776837330
335,5,9,16,23,26,45,21,10187462400,2037492480,1697910424,60639658,1697911566
336,3,5,20,34,35,44,16,10113795900,1685632650,1685632650,56187755,1685632809
337,1,5,14,18,32,37,4,10060004104,1257500513,1676667366,50808102,1676668530
338,2,13,34,38,42,45,16,10150293000,3383431000,1691715519,43377321,1691716398
339,6,8,14,21,30,37,45,9871005006,1096778334,1645167520,51411485,1645168050
340,18,24,26,29,34,38,32,10075752302,1439393186,1679292055,47979773,1679293125
341,1,8,19,34,39,43,41,10480454404,1497207772,1746742404,52931588,1746743245
342,1,13,14,33,34,43,25,10362287400,3454095800,1727047904,59553376,1727048587
343,1,10,17,29,31,43,15,10302918000,1717153000,1717153017,59212173,1717153616
344,1,2,15,28,34,45,38,10269745801,1467106543,1711624304,74418448,1711624586
345,15,20,23,29,39,42,2,10407155100,5203577550,1734525884,45645418,1734525896
346,5,13,14,22,44,45,33,10088636700,2017727340,1681439474,64670749,1681439850
347,3,8,13,27,32,42,10,10196370002,1456624286,1699395036,44720922,1699396078
348,3,14,17,20,24,31,34,9899982000,3299994000,1649997018,44594514,1649998168
349,5,13,14,20,24,25,36,10059627000,3353209000,1676604532,45313636,1676605600
350,1,8,18,24,29,33,35,9909472203,1101052467,1651578710,71807770,1651578705
351,5,25,27,29,34,36,33,10333428600,2583357150,1722238109,59387521,1722238914
352,5,16,17,20,26,41,24,10397149500,1732858250,1732858257,59753733,1732859062
353,11,16,19,22,29,36,26,10581676500,5290838250,1763612757,60814233,1763613134
354,14,19,36,43,44,45,1,10622321700,2124464340,1770386970,52070205,1770387216
355,5,8,29,30,35,44,38,10727124000,2145424800,1787854008,74493917,1787854184
356,2,8,14,25,29,45,24,10414667403,1157185267,1735777929,46912917,1735778790
357,10,14,18,21,36,37,5,10626788700,5313394350,1771131474,65597462,1771132176
358,1,9,10,12,21,40,37,10417964700,3472654900,1736327472,39461988,1736328216
359,1,10,19,20,24,40,23,10293700800,1286712600,1715616814,46368022,1715617656
360,4,16,23,25,35,40,27,10700148600,3566716200,1783358115,54041155,1783358320
361,5,10,16,24,27,35,33,10311805805,1473115115,1718634312,50548068,1718634379
362,2,3,22,27,30,40,29,10376547900,1729424650,1729424658,66516333,1729425453
363,11,12,14,21,32,38,6,10463642400,2615910600,1743940407,52846679,1743940992
364,2,5,7,14,16,40,4,10127659200,2531914800,1687943219,45620087,1687943818
365,5,15,21,25,26,30,31,10697716800,10697716800,1782952815,50941509,1782953338
366,5,12,19,26,27,44,38,10703107800,5351553900,1783851303,45739777,1783851762
367,3,22,25,29,32,44,19,11072156102,1581736586,1845359386,49874578,1845359889
368,11,21,24,30,39,45,26,10260775805,1465825115,1710129314,45003403,1710129845
369,17,20,35,36,41,43,21,11053066500,1842177750,1842177759,59425089,1842178871
370,16,18,24,42,44,45,17,11752593601,1678941943,1958765600,61211425,1958766368
371,7,9,15,26,27,42,18,10668913801,1524130543,1778152313,61315597,1778152560
372,8,11,14,16,18,21,13,10733338800,1192593200,1788889801,48348373,1788889824
373,15,26,37,42,43,45,9,11167204500,2791801125,1861200773,64179337,1861201250
374,11,13,15,17,25,34,26,11057435700,5528717850,1842905952,68255776,1842906510
375,4,8,19,25,27,45,7,11068988406,1581284058,1844831436,43924558,1844832158
376,1,11,13,24,28,40,7,11741494800,1956915800,1956915849,38370899,1956915900
377,6,22,29,37,43,45,23,11736256200,3912085400,1956042704,88911032,1956042886
378,5,22,29,31,34,39,43,11588491200,2317698240,1931415210,64380507,1931415284
379,6,10,22,31,35,40,19,11192998502,1598999786,1865499795,26274645,1865500780
380,1,2,8,17,26,37,27,10737099300,2684274825,1789516554,42607537,1789517472
381,1,5,10,12,16,20,11,10749039005,565738895,1791506554,28895267,1791507445
382,10,15,22,24,27,42,19,11080049400,1846674900,1846674912,57708591,1846675920
383,4,15,28,33,37,40,25,10789566300,3596522100,1798261052,64223609,1798261209
384,11,22,24,32,36,38,7,10976202600,3658734200,1829367110,44618710,1829367180
385,7,12,19,21,29,32,9,10794228900,1542032700,1799038152,49973282,1799039320
386,4,7,10,19,31,40,26,10429533300,1042953330,1738255581,29461959,1738256256
387,1,26,31,34,40,43,20,10702134000,2675533500,1783689024,68603424,1783689358
388,1,8,9,17,29,32,45,10182175500,2545543875,1697029260,56567642,1697029893
389,7,16,18,20,23,26,3,10595135100,2119027020,1765855872,49051552,1765856659
390,16,17,28,37,39,40,15,10373997900,10373997900,1728999677,46729721,1729000679
391,10,11,18,22,28,39,30,10508749800,10508749800,1751458304,54733072,1751459304
392,1,3,7,8,24,42,43,10281172200,1713528700,1713528720,57117624,1713529760
393,9,16,28,40,41,43,21,10896031800,1362003975,1816005310,51885866,1816005520
394,1,13,20,22,25,28,15,10654349100,10654349100,1775724852,53809844,1775725420
395,11,15,20,26,31,35,7,10742445000,1534635000,1790407500,42628750,1790408420
396,18,20,31,34,40,45,30,10593244800,5296622400,1765540814,51927671,1765540872
397,12,13,17,22,25,33,8,10498559100,3499519700,1749759877,56443867,1749759942
398,10,15,20,23,42,44,7,10722502200,2680625550,1787083722,57647862,1787084080
399,1,2,9,17,19,42,20,10214839800,1276854975,1702473320,42561833,1702474146
400,9,21,27,34,41,43,2,10679337300,2669834325,1779889560,59329652,1779889980
401,6,12,18,31,38,43,9,10513933128,1168214792,1752322216,60424904,1752322585
402,5,9,15,19,22,36,32,10648824752,2662206188,1774804146,43287906,1774805335
403,10,14,22,24,28,37,26,10611984375,2122396875,1768664089,41131723,1768664443
404,5,20,21,24,33,40,36,10699978125,3566659375,1783329704,68589604,1783330424
405,1,2,10,25,26,44,4,10631634000,3543878000,1771939015,50626829,1771939753
406,7,12,21,24,27,36,45,10780712250,2156142450,1796785386,54448042,1796786796
407,6,7,13,16,24,25,1,11547951002,1649707286,1924658523,71283649,1924659160
408,9,20,21,22,30,37,16,11176879125,2235375825,1862813205,56448885,1862814116
409,6,9,21,31,32,40,38,11587959000,2896989750,1931326524,53647959,1931327640
410,1,3,18,32,40,41,16,11244021381,1249335709,1874003565,50648745,1874004569
411,11,14,22,35,37,39,5,11438730756,953227563,1906455132,52957087,1906455368
412,4,7,39,41,42,45,40,11593398754,1656199822,1932233158,56830387,1932233599
413,2,9,15,23,34,40,3,11258694000,2814673500,1876449024,52123584,1876450184
414,2,14,15,22,23,44,43,11703832500,11703832500,1950638760,55732536,1950639700
415,7,17,20,26,30,40,24,10673459256,1334182407,1778909895,50825997,1778911149
416,5,6,8,11,22,26,44,10720371000,1072037100,1786728512,55835266,1786728859
417,4,5,14,20,22,43,44,11273319752,2818329938,1878886648,55261372,1878887149
418,11,13,15,26,28,34,31,11485198128,1435649766,1914199702,41613037,1914200960
419,2,11,13,14,28,30,7,11389472250,3796490750,1898245404,57522588,1898246274
420,4,9,10,29,31,34,27,11398851000,1424856375,1899808505,54280243,1899808931
421,6,11,26,27,28,44,30,11605721625,2321144325,1934286948,53730193,1934288061
422,8,15,19,21,34,44,12,13231508250,2205251375,2205251391,105011971,2205251583
423,1,17,27,28,29,40,5,11688461625,3896153875,1948076962,41448446,1948077048
424,10,11,26,31,34,44,30,11094808130,1109480813,1849134693,36257543,1849135674
425,8,10,14,27,33,38,3,12278664000,1534833000,2046444029,49913269,2046444213
426,4,17,18,27,39,43,19,12228934500,3057233625,2038155777,32351679,2038156505
427,6,7,15,24,28,30,21,12571445625,12571445625,2095240950,63492150,2095241440
428,12,16,19,22,37,40,8,12939148881,1437683209,2156524830,71884161,2156525280
429,3,23,28,34,39,42,16,13373142381,1485904709,2228857097,60239381,2228857461
430,1,3,16,18,30,34,44,12894105752,1611763219,2149017660,47755948,2149017696
431,18,22,25,31,38,45,6,12684340130,1268434013,2114056730,49164110,2114057715
432,2,3,5,11,27,39,33,11497137750,2299427550,1916189664,39920618,1916189962
433,19,23,29,33,35,43,27,13005238510,1182294410,2167539784,52866824,2167540398
434,3,13,20,24,33,37,35,11840482128,1480060266,1973413722,53335506,1973415266
435,8,16,26,30,38,45,42,12875500130,1287550013,2145916689,69223119,2145917526
436,9,14,20,22,33,34,28,12098132632,1512266579,2016355440,45826260,2016356475
437,11,16,29,38,41,44,21,12577472628,2096245438,2096245470,63522590,2096245586
438,6,12,20,26,29,38,45,12394279503,1377142167,2065713250,50383250,2065713656
439,17,20,30,31,37,40,25,11400464250,1900077375,1900077399,57578103,1900077561
440,10,22,28,34,36,44,2,11975238000,1995873000,1995873030,48679830,1995874335
441,1,23,28,30,34,35,9,12681668252,3170417063,2113611402,50324081,2113611864
442,25,27,29,36,38,40,41,12720717378,1413413042,2120119569,78522947,2120120783
443,4,6,10,19,20,44,14,11948378256,1327597584,1991396404,48570644,1991396844
444,11,13,23,35,43,45,17,12462565875,4154188625,2077094318,79888243,2077095160
445,13,20,21,30,39,45,32,12541781252,1791683036,2090296880,74653460,2090297118
446,1,11,12,14,26,35,6,12153742875,4051247625,2025623819,49405459,2025623875
447,2,7,8,9,17,33,34,10631764500,2657941125,1771960775,57160025,1771962252
448,3,7,13,27,40,41,36,12078638250,4026212750,2013106375,57517325,2013106914
449,3,10,20,26,35,43,36,12179145750,4059715250,2029857648,52047632,2029858110
450,6,14,19,21,23,31,13,11942349750,1990391625,1990391654,58540931,1990392842
451,12,15,20,24,30,38,29,11467806376,882138952,1911301063,61654873,1911301652
452,8,10,18,30,32,34,27,11492118000,1276902000,1915353024,39903188,1915353462
453,12,24,33,38,40,42,30,11313661875,2262732375,1885610340,52378065,1885611628
454,13,25,27,34,38,41,10,11263879130,1609125590,1877313221,43658447,1877313746
455,4,19,20,26,30,35,24,11449980381,1635711483,1908330080,59635315,1908330784
456,1,7,12,18,23,27,44,11189535378,1598505054,1864922592,47818528,1864923792
457,8,10,18,23,27,40,33,11599028250,1159902825,1933171382,41131306,1933172382
458,4,9,10,32,36,40,18,12870501000,1608812625,2145083512,41251606,2145083494
459,4,6,10,14,25,40,12,11590895631,1655842233,1931815954,41995999,1931816764
460,8,11,28,30,43,45,41,12723583128,3180895782,2120597190,70686573,2120598351
461,11,18,26,31,37,40,43,11692049250,1948674875,1948674880,60896090,1948676527
462,3,20,24,32,37,45,4,11868474376,1483559297,1978079064,50719976,1978080424
463,23,29,31,33,34,44,40,0,0,2023433208,54687384,2023434336
464,6,12,15,34,42,44,4,43624374378,3355721106,5247295950,67273025,5247297265
465,1,8,11,13,22,38,31,13465640251,1923662893,2244273392,48788552,2244274859
466,4,10,13,23,32,44,20,13772821131,1530313459,2295470210,41735822,2295471438
467,2,12,14,17,24,40,39,12918969756,1435441084,2153161626,65247322,2153163096
468,8,13,15,28,37,43,17,13744774503,1527197167,2290795782,69418054,2290795933
469,4,21,22,34,37,38,33,13320525000,3330131250,2220087507,67275379,2220088763
470,10,16,20,39,41,42,27,12999991875,4333330625,2166665328,80246864,2166666670
471,6,13,29,37,39,41,43,13575330006,1939332858,2262555000,75418500,2262555425
472,16,25,26,31,36,43,44,12667592630,1809656090,2111265450,91794150,2111265624
473,8,13,20,22,23,36,34,13001672252,3250418063,2166945408,60192928,2166946314
474,4,13,18,31,33,45,43,14050362000,936690800,2341727040,48785980,2341727322
475,1,9,14,16,21,29,3,13551384376,1693923047,2258564088,68441336,2258565456
476,9,12,13,15,37,38,27,13759405876,3439851469,2293234346,67448069,2293234564
477,14,25,29,32,33,45,37,15352094632,1919011829,2558682456,77535832,2558682698
478,18,29,30,37,39,43,8,13821146626,987224759,2303524440,65814984,2303525695
479,8,23,25,27,35,44,24,13398279000,2233046500,2233046526,65677839,2233046685
480,3,5,10,17,30,31,16,11986969128,2996742282,1997828200,39956564,1997828874
481,3,4,23,29,40,41,20,13918067250,4639355750,2319677880,68225820,2319678748
482,1,10,16,24,25,35,43,13285448253,1897921179,2214241380,73808046,2214241469
483,12,15,19,22,28,34,5,12835983375,2567196675,2139330584,40364728,2139331292
484,1,3,27,28,32,45,11,13831818378,2305303063,2305303072,72040721,2305303819
485,17,22,26,27,36,39,20,13513274253,1501474917,2252212380,68248860,2252213754
486,1,2,23,25,38,40,43,13112243625,1008634125,2185373938,75357722,2185374946
487,4,8,25,27,37,41,21,13110646128,1638830766,2185107732,47502342,2185108560
488,2,8,17,30,31,38,25,13303935750,1330393575,2217322635,67191595,2217322615
489,2,4,8,15,20,27,11,12638163750,2106360625,2106360672,40506936,2106361748
490,2,7,26,29,40,43,42,13021639127,1860234161,2170273203,74837007,2170274526
491,8,17,35,36,39,42,4,13218537752,3304634438,2203089648,71067408,2203089840
492,22,27,31,35,37,40,42,12465069000,2493013800,2077511520,51937788,2077511802
493,20,22,26,33,36,37,25,13060083006,1451120334,2176680519,80617797,2176681056
494,5,7,8,15,30,43,22,12655060884,1054588407,2109176840,52729421,2109177954
495,4,13,22,27,34,44,6,12669870000,2111645000,2111645008,47991932,2111645984
496,4,13,20,29,36,41,39,13143729000,3285932250,2190621522,47622207,2190622458
497,19,20,23,24,43,44,13,13336906878,2222817813,2222817840,74093928,2222818444
498,13,14,24,32,39,41,3,12978012376,3244503094,2163002065,61800059,2163002294
499,5,20,23,27,35,40,43,12211440750,4070480250,2035240146,44244351,2035241434
500,3,4,12,20,24,34,41,12159651375,1351072375,2026608624,29803068,2026609392
501,1,4,10,17,31,42,2,12100800376,3025200094,2016800117,33062297,2016800973
502,6,22,28,32,34,40,26,13208748750,2201458125,2201458149,71014779,2201459130
503,1,5,27,30,34,36,40,12975444377,1853634911,2162574078,51489859,2162574148
504,6,14,22,26,43,44,31,12989132631,1443236959,2164855452,74650188,2164855530
505,7,20,22,25,38,40,44,11507731128,1917955188,1917955190,50472505,1917956160
506,6,9,11,22,24,30,31,12220001625,4073333875,2036666940,61717180,2036667168
507,12,13,32,33,40,41,4,12747949875,1416438875,2124658320,73264080,2124659619
508,5,27,31,34,35,43,37,12796462880,1599557860,2132743828,68798188,2132744376
509,12,25,29,35,42,43,24,13445380500,2689076100,2240896752,65908728,2240897380
510,12,29,32,33,39,40,42,13220790750,2644158150,2203465125,88138605,2203466002
511,3,7,14,23,26,42,24,12993475500,2165579250,2165579253,58529169,2165579616
512,4,5,9,13,26,27,1,12221227876,940094452,2036871356,39170603,2036871724
513,5,8,21,23,27,33,12,13768874250,4589624750,2294812404,42496526,2294812824
514,1,15,20,26,35,42,9,13353166500,4451055500,2225527776,61820216,2225528430
515,2,11,12,15,23,37,8,13200466875,13200466875,2200077845,62859367,2200079200
516,2,8,23,41,43,44,30,14236092002,1294190182,2372682016,74146313,2372682090
517,1,9,12,28,36,41,10,13295288625,2659057725,2215881440,55397036,2215882233
518,14,23,30,32,34,38,6,13582824750,2263804125,2263804150,66582475,2263804115
519,6,8,13,16,30,43,3,13654209751,1950601393,2275701632,71115676,2275702570
520,4,22,27,28,38,40,1,13003232628,2167205438,2167205440,58573120,2167206302
521,3,7,18,29,32,36,19,13547367376,1693420922,2257894605,42601785,2257894548
522,4,5,13,14,37,41,11,13689738000,2281623000,2281623006,58503154,2281624150
523,1,4,37,38,40,45,7,12462490880,1780355840,2077081847,48304229,2077083153
524,10,11,29,38,41,45,21,13966782376,3491695594,2327797080,64661030,2327797542
525,11,23,26,29,39,44,22,13510191375,1501132375,2251698598,54919478,2251699900
526,7,14,17,20,35,39,31,13419287631,1491031959,2236547964,45643836,2236548672
527,1,12,22,32,33,42,38,13421022758,1032386366,2236837135,77132315,2236838961
528,5,17,25,31,39,40,10,13176780375,1197889125,2196130142,25536397,2196130882
529,18,20,24,27,31,42,39,13992918376,1749114797,2332153065,70671305,2332153898
530,16,23,27,29,33,41,22,13548218629,1231656239,2258036440,56450911,2258037558
531,1,5,9,21,27,35,45,13693677750,1521519750,2282279664,54339992,2282281226
532,16,17,23,24,29,44,3,15518274002,2216896286,2586379016,99476116,2586379920
533,9,14,15,17,31,33,23,14285372632,1785671579,2380895440,54111260,2380896609
534,10,24,26,29,37,38,32,14215763250,14215763250,2369293905,43078071,2369294722
535,11,12,14,15,18,39,34,14806809000,4935603000,2467801500,79606500,2467801728
536,7,8,18,32,37,43,12,14393759633,1308523603,2398959960,59973999,2398961036
537,12,23,26,30,36,43,11,14728272377,2104038911,2454712085,70134631,2454713360
538,6,10,18,31,32,34,11,14064064875,4688021625,2344010832,48833559,2344012464
539,3,19,22,31,42,43,26,14589330003,1621036667,2431555014,57894167,2431555959
540,3,12,13,15,34,36,14,13925556750,1989365250,2320926140,89266390,2320927344
541,8,13,26,28,32,34,43,13962598881,1269327171,2327099840,58177496,2327099860
542,5,6,19,26,41,45,34,14010915378,2335152563,2335152586,89813561,2335153184
543,13,18,26,31,34,44,12,13355218128,1112934844,2225869710,47358930,2225870976
544,5,17,21,25,36,44,10,13603049629,1046388433,2267174955,48237765,2267175075
545,4,24,25,27,34,35,2,13188937883,1198994353,2198156352,52337056,2198157375
546,8,17,20,27,37,43,6,12178198500,405939950,2029699760,36903632,2029701070
547,6,7,15,22,34,39,28,14192222250,2838444450,2365370424,43803156,2365371864
548,1,12,13,21,32,45,14,13894975128,1736871891,2315829198,50344113,2315829824
549,29,31,35,38,40,44,17,14086440376,1760805047,2347740080,67078288,2347741028
550,1,7,14,20,34,37,41,12305471255,1118679205,2050911900,35360550,2050913128
551,3,6,20,24,27,44,25,13526973750,13526973750,2254495648,70452989,2254495680
552,1,10,20,32,35,40,43,13308242250,1330824225,2218040415,49289787,2218041744
553,2,7,17,28,29,39,37,13497788628,2249631438,2249631488,43262144,2249632359
554,13,14,17,32,41,42,6,13627787250,6813893625,2271297910,55397510,2271299100
555,11,17,21,24,26,36,12,13688218880,1711027360,2281369816,49594996,2281369902
556,12,20,23,28,30,44,43,14036464127,2005209161,2339410718,57058798,2339411191
557,4,20,26,28,35,40,31,13216485002,1888069286,2202747541,51226687,2202748704
558,12,15,19,26,40,43,29,13159136630,1315913663,2193189465,43003715,2193189504
559,11,12,25,32,44,45,23,13483019256,1926145608,2247169890,53504045,2247170850
560,1,4,20,23,29,45,28,13836880505,1976697215,2306146760,57653669,2306148156
561,5,7,18,37,42,45,20,13768561125,2753712225,2294760201,55969761,2294761368
562,4,11,13,17,20,31,33,12833640754,1166694614,2138940153,41940003,2138940923
563,5,10,16,17,31,32,21,13529149501,1932735643,2254858250,59338375,2254858438
564,14,19,25,26,27,34,2,13543608001,1934801143,2257268000,70539625,2257268279
565,4,10,18,27,40,45,38,13936515752,1742064469,2322752640,59557760,2322753882
566,4,5,6,25,26,43,41,14035804128,3508951032,2339300705,66837163,2339301570
567,1,10,15,16,32,41,28,13911956628,2318659438,2318659476,43748292,2318660617
568,1,3,17,20,31,44,40,13051675500,1305167550,2175279250,43505585,2175280830
569,3,6,13,23,24,35,1,13871700752,3467925188,2311950132,64220837,2311950728
570,1,12,26,27,29,33,42,13750124625,1527791625,2291687470,60307565,2291687970
571,11,18,21,26,38,43,29,13765769255,1966538465,2294294904,69524088,2294296122
572,3,13,18,33,37,45,1,13345729504,1668216188,2224288259,41967703,2224288500
573,2,4,20,34,35,43,14,13165534128,1645691766,2194255700,43885114,2194256198
574,14,15,16,19,25,43,2,13930369876,6965184938,2321728332,70355404,2321729454
575,2,8,20,30,33,34,6,13594143000,1699267875,2265690510,50348678,2265691296
576,10,11,15,25,35,41,13,12965898000,4321966000,2160983016,40018204,2160984399
577,16,17,22,31,34,37,33,13453315125,4484438375,2242219224,53386172,2242220470
578,5,12,14,32,34,42,16,13982332875,2796466575,2330388827,54195089,2330390090
579,5,7,20,22,37,42,39,15356752884,1396068444,2559458814,55640409,2559459960
580,5,7,9,11,32,35,33,14200273500,2028610500,2366712264,56350292,2366712585
581,3,5,14,20,42,44,33,14756436376,1844554547,2459406066,63061694,2459406752
582,2,12,14,33,40,41,25,14242234876,3560558719,2373705834,41643962,2373706839
583,8,17,27,33,40,44,24,14760331883,1341848353,2460055329,48236379,2460056588
584,7,18,30,39,40,41,36,15099549750,5033183250,2516591648,78643489,2516592576
585,6,7,10,16,38,41,4,14584917006,1620546334,2430819540,54018212,2430820328
586,2,7,12,15,21,34,5,14226834752,1778354344,2371139138,51546503,2371139600
587,14,21,29,31,32,37,17,14923732125,4974577375,2487288689,57843923,2487288930
588,2,8,15,22,25,41,30,14446710375,2889342075,2407785086,55995002,2407785176
589,6,8,28,33,38,39,22,14958145881,2136877983,2493024324,59357722,2493024962
590,20,30,36,38,41,45,23,15296287881,2185183983,2549381317,82238107,2549382310
591,8,13,14,30,38,39,5,14823381000,2964676200,2470563502,65014829,2470563809
592,2,5,6,13,28,44,43,14138290128,2356381688,2356381692,84156489,2356382888
593,9,10,13,24,33,38,28,13795501500,1532833500,2299250284,37084682,2299251870
594,2,8,13,25,28,37,3,13811520756,1255592796,2301920166,54807623,2301920250
595,8,24,28,35,38,40,5,13956201752,1744525219,2326033638,43074697,2326033656
596,3,4,12,14,25,43,17,13282676630,1328267663,2213779461,53994621,2213779672
597,8,10,23,24,35,43,37,13752967878,1057920606,2292161324,49829594,2292161548
598,4,12,24,33,38,45,22,13343977504,833998594,2223996250,44479925,2223996423
599,5,12,17,29,34,35,27,13687346632,1710918329,2281224476,53051732,2281225455
600,5,11,14,27,29,36,44,13526980875,901798725,2254496848,54987728,2254497168
601,2,16,19,31,34,35,37,13721086881,1524565209,2286847836,81673137,2286848100
602,13,14,22,27,30,38,2,13516246880,1689530860,2252707842,53635901,2252709175
603,2,19,25,26,27,43,28,13808546252,3452136563,2301424380,76714146,2301425500
604,2,6,18,21,33,34,30,13520557127,1229141557,2253426192,62595172,2253426216
605,1,2,7,9,10,38,42,12548090250,1394232250,2091348400,52283710,2091349386
606,1,5,6,14,20,39,22,13115668500,1311566850,2185944772,49680563,2185945368
607,8,14,23,36,38,39,13,13977923628,3494480907,2329653970,66561542,2329655344
608,4,8,18,19,39,44,41,13604710126,1943530018,2267451712,70857866,2267452396
609,4,8,27,34,39,40,13,12678622876,6339311438,2113103832,44959656,2113104801
610,14,18,20,23,28,36,33,14064073500,3516018375,2344012258,68941537,2344012620
611,2,22,27,33,36,37,14,14010824628,3502706157,2335137472,49683776,2335137550
612,6,9,18,19,25,33,40,12998757750,1181705250,2166459645,36719655,2166461193
613,7,8,11,16,41,44,35,13948480881,1549831209,2324746830,77491561,2324746982
614,8,21,25,39,40,44,18,15245852628,2540975438,2540975462,55238597,2540976246
615,10,17,18,19,23,27,35,13815561753,1535062417,2302593634,74277214,2302594330
616,5,13,18,23,40,45,3,14506301250,1611811250,2417716889,49341161,2417717900
617,4,5,11,12,24,27,28,13037614880,1629701860,2172935813,50533391,2172936012
618,8,16,25,30,42,43,15,14406631125,2881326225,2401105230,53357894,2401105806
619,6,8,13,30,35,40,21,13837438125,4612479375,2306239731,39088809,2306240336
620,2,16,17,32,39,45,40,14197982631,2028283233,2366330472,53780238,2366332023
621,1,2,6,16,19,42,9,14158341000,2359723500,2359723534,38060057,2359724940
622,9,15,16,21,28,34,24,14675384628,1630598292,2445897440,71938160,2445897888
623,7,13,30,39,41,45,25,14509620752,1813702594,2418270155,69093433,2418270400
624,1,7,19,26,27,35,16,13818647250,2763729450,2303107887,37755867,2303108280
625,3,6,7,20,21,39,13,13825923375,2765184675,2304320580,51207124,2304321374
626,13,14,26,33,40,43,15,13742968880,1717871110,2290494825,50899885,2290494936
627,2,9,22,25,31,45,12,13522306500,1352230650,2253717760,64391936,2253719072
628,1,7,12,15,23,42,11,13499485875,1499942875,2249914315,60808495,2249915536
629,19,28,31,38,43,44,1,14597167875,2919433575,2432861330,71554745,2432861922
630,8,17,21,24,27,31,15,14508916500,4836305500,2418152784,50378183,2418153220
631,1,2,4,23,31,34,8,15679414128,3919853532,2613235712,56809472,2613235960
632,15,18,21,32,35,44,6,15758464876,1432587716,2626410852,50507901,2626411935
633,9,12,19,20,39,41,13,14607085128,1217257094,2434514225,51798175,2434515925
634,4,10,11,12,20,27,38,14013156378,1077935106,2335526082,43250483,2335527456
635,11,13,25,26,29,33,32,14844697880,1855587235,2474116330,70689038,2474117250
636,6,7,15,16,20,31,26,14658897752,1832362219,2443149632,55526128,2443150116
637,3,16,22,37,38,44,23,15596964376,3899241094,2599494075,57766535,2599495431
638,7,18,22,24,31,34,6,15605822253,2229403179,2600970382,63438302,2600970768
639,6,15,22,23,25,32,40,16244740876,4061185219,2707456815,60165707,2707458424
640,14,15,18,21,26,35,23,15558919506,1728768834,2593153296,54024027,2593153684
641,11,18,21,36,37,43,12,15920596504,1990074563,2653432750,53068655,2653434025
642,8,17,18,24,39,45,32,15017525256,1251460438,2502920904,40369692,2502921300
643,15,24,31,32,33,40,13,15214581750,2535763625,2535763664,58971248,2535763900
644,5,13,17,23,28,36,8,14651609632,1831451204,2441934943,49835407,2441935247
645,1,4,16,26,40,41,31,14785191000,3696297750,2464198520,88007090,2464198696
646,2,9,24,41,43,45,30,15508488751,2215498393,2584748160,71798560,2584748676
647,5,16,21,23,24,30,29,15328079256,2189725608,2554679908,58060907,2554680492
648,13,19,28,37,38,43,4,14846915629,2120987947,2474485965,54988577,2474486329
649,3,21,22,33,41,42,20,14740210500,2948042100,2456701785,54593373,2456702859
650,3,4,7,11,31,41,35,14246494500,2849298900,2374415775,52764795,2374417160
651,11,12,16,26,29,44,18,14842451632,1855306454,2473741970,70678342,2473742112
652,3,13,15,40,41,44,20,15017417625,3003483525,2502902952,69525082,2502904160
653,5,6,26,27,38,39,1,13733421380,980958670,2288903568,40873278,2288905484
654,16,21,26,31,36,43,6,15034411128,1879301391,2505735207,36315003,2505736761
655,7,37,38,39,40,44,18,14952956625,1661439625,2492159457,60784377,2492160860
656,3,7,14,16,31,40,39,14660005500,7330002750,2443334256,50902797,2443334983
657,10,14,19,39,40,43,23,15252865128,1694762792,2542144228,48887389,2542145628
658,8,19,25,28,32,36,37,14706282375,1634031375,2451047082,64501239,2451047888
659,7,18,19,27,29,42,45,14702646376,1336604216,2450441080,61261027,2450441280
660,4,9,23,33,39,44,14,14212725750,1421272575,2368787664,49349743,2368789091
661,2,3,12,20,27,38,40,13704204376,1713025547,2284034067,36254509,2284035810
662,5,6,9,11,15,37,26,13517869504,1689733688,2252978292,52394844,2252979907
663,3,5,8,19,38,42,20,14561709001,2080244143,2426951520,40449192,2426951971
664,10,20,33,36,41,44,5,15368013380,1536801338,2561335568,58212172,2561336280
665,5,6,11,17,38,44,13,14572921500,3643230375,2428820250,80960675,2428820570
666,2,4,6,11,17,28,16,14381406378,2396901063,2396901065,50997895,2396901078
667,15,17,25,37,42,43,13,15601350751,2228764393,2600225160,65005629,2600226568
668,12,14,15,24,27,32,3,14955793125,2991158625,2492632240,44511290,2492633352
669,7,8,20,29,33,38,9,16249039128,2708173188,2708173208,52080254,2708174480
670,11,18,26,27,40,41,25,14300702628,1191725219,2383450446,61114114,2383451070
671,7,9,10,13,31,35,24,14889291376,3722322844,2481548592,51698929,2481549266
672,8,21,28,31,36,45,43,15792705000,1754745000,2632117516,57219946,2632118652
673,7,10,17,29,33,44,5,14914533000,1491453300,2485755510,71021586,2485755840
674,9,10,14,25,27,31,11,14164524000,1770565500,2360754000,49182375,2360755254
675,1,8,11,15,18,45,7,14058196128,3514549032,2343032705,36046657,2343033966
676,1,8,17,34,39,45,27,15037812000,1879726500,2506302036,39782572,2506302855
677,12,15,24,36,41,44,42,15368915256,1921114407,2561485876,69229348,2561486571
678,4,5,6,12,25,37,45,13730941128,2288490188,2288490194,55816834,2288491240
679,3,5,7,14,26,34,35,14315028000,2863005600,2385838044,44182186,2385839050
680,4,10,19,29,32,42,30,15547987882,1110570563,2591331336,58893894,2591331930
681,21,24,27,29,43,44,7,16177973628,2696328938,2696328972,72873756,2696330032
682,17,23,27,35,38,43,2,16254854252,4063713563,2709142408,48377543,2709143961
683,6,13,20,27,28,40,15,16174894128,1010930883,2695815720,59907016,2695817696
684,1,11,15,17,25,39,40,15199341381,1688815709,2533223590,40858445,2533225344
685,6,7,12,28,38,40,18,16438044381,1494367671,2739674080,52686040,2739675350
686,7,12,15,24,25,43,13,15500253752,1937531719,2583375660,71760435,2583377388
687,1,8,10,13,28,42,45,16320175878,2720029313,2720029322,71579719,2720030460
688,5,15,22,23,34,35,2,17707830750,1967536750,2951305159,55685003,2951306505
689,7,17,19,30,36,38,34,16252431377,2321775911,2708738604,61562241,2708738712
690,24,25,33,34,38,39,43,16897614375,1126507625,2816269096,82831444,2816269724
691,15,27,33,35,43,45,16,17035780500,2839296750,2839296758,91590218,2839297216
692,3,11,14,15,32,36,44,16108915879,2301273697,2684819324,61018621,2684820960
693,1,6,11,28,34,42,30,16427638130,1642763813,2737939688,63673016,2737940256
694,7,15,20,25,33,43,12,15550363880,1555036388,2591727372,33227274,2591727354
695,4,18,26,33,34,38,14,15952363130,1450214830,2658727236,40283746,2658729109
696,1,7,16,18,34,38,21,16320544130,1632054413,2720090692,61820243,2720092130
697,2,5,8,11,33,39,31,15314430380,1531443038,2552405130,28360057,2552405620
698,3,11,13,21,33,37,18,15368673000,1921084125,2561445504,53363448,2561445648
699,4,5,8,16,21,29,3,15963291000,1995411375,2660548500,53210970,2660550095
700,11,23,28,29,30,44,13,16656793504,2082099188,2776132263,67710543,2776133228
701,3,10,14,16,36,38,35,15831831750,1583183175,2638638640,65965966,2638639500
702,3,13,16,24,26,29,9,16116005257,1465091387,2686000904,58391324,2686000884
703,10,28,31,33,41,44,21,16178920500,3235784100,2696486790,52872290,2696487003
704,1,4,8,23,33,42,45,15460761376,3865190344,2576793565,54825395,2576793828
705,1,6,17,22,28,45,23,15948826128,3987206532,2658137692,54247708,2658138665
706,3,4,6,10,28,30,37,15326984252,3831746063,2554497384,50088184,2554497588
707,2,12,19,24,39,44,35,15866007756,1322167313,2644334648,35734252,2644335278
708,2,10,16,19,34,45,1,16398208876,4099552219,2733034824,52558362,2733035088
709,10,18,30,36,39,44,32,16313802750,1165271625,2718967152,61794708,2718967840
710,3,4,9,24,25,33,10,14477205750,2895441150,2412867627,42331011,2412869030
711,11,15,24,35,37,45,42,15941893506,2277413358,2656982284,60385961,2656983440
712,17,20,30,31,33,45,19,16137940500,4034485125,2689656780,57226740,2689657432
713,2,5,15,18,19,23,44,15432488253,1714720917,2572081400,51441628,2572081965
714,1,7,22,33,37,40,20,14595922131,2085131733,2432653696,52883776,2432655347
715,2,7,27,33,41,44,10,15633062628,2605510438,2605510446,42713286,2605511570
716,2,6,13,16,29,30,21,16305025884,1358752157,2717504335,77642981,2717504328
717,2,11,19,25,28,32,44,16214602128,2702433688,2702433730,57498590,2702435610
718,4,11,20,23,32,39,40,15744829888,926166464,2624138368,41002162,2624139088
719,4,8,13,19,20,43,26,16916232006,1879581334,2819372054,48609863,2819372580
720,1,12,29,34,36,37,41,17272785012,1233770358,2878797506,77805338,2878798916
721,1,28,35,41,43,44,31,18190138880,2273767360,3031689840,75792246,3031690671
722,12,14,21,30,39,43,45,17461690876,4365422719,2910281816,63266996,2910282488
723,20,30,33,35,36,44,22,16914922880,2114365360,2819153840,70478846,2819155413
724,2,8,33,35,37,41,14,17133477756,1427789813,2855579650,51919630,2855581209
725,6,7,19,21,41,43,38,17371389750,1579217250,2895231631,61600673,2895232685
726,1,11,21,23,34,44,24,16336216876,1166872634,2722702864,48619694,2722703157
727,7,8,10,19,21,31,20,15611508388,1115107742,2601918135,29907105,2601919680
728,3,6,10,30,34,37,36,16217322000,3243464400,2702887040,48265840,2702887992
729,11,17,21,26,36,45,16,16793002876,4198250719,2798833835,79966681,2798835000
730,4,10,14,15,18,22,39,16139056880,2017382110,2689842825,59774285,2689843259
731,2,7,13,25,42,45,39,16383297378,2340471054,2730549600,60678880,2730550248
732,2,4,5,17,27,32,43,15422894256,2203270608,2570482395,57121831,2570483322
733,11,24,32,33,35,40,13,16066900500,4016725125,2677816794,46979242,2677817824
734,6,16,37,38,41,45,18,17544559500,1949395500,2924093268,81224813,2924093706
735,5,10,13,27,37,41,4,18472315880,1847231588,3078719350,61574387,3078719878
736,2,11,17,18,21,27,6,16986811125,3397362225,2831135220,52428430,2831136750
737,13,15,18,24,27,41,11,17132244000,4283061000,2855374032,59486959,2855374314
738,23,27,28,38,42,43,36,17976102001,1634191091,2996017008,62417021,2996017600
739,7,22,29,33,34,35,30,18976489128,4744122282,3162748230,70283294,3162748968
740,4,8,9,16,17,19,31,16864736256,936929792,2810789385,65367195,2810790596
741,5,21,27,34,44,45,16,18261575628,3043595938,3043595940,55338108,3043596833
742,8,10,13,36,37,40,6,17789037008,1111814813,2964839504,67382716,2964839820
743,15,19,21,34,41,44,10,18260487000,2608641000,3043414510,66161185,3043414514
744,10,15,18,21,34,41,43,17331173625,1155411575,2888528974,47352934,2888531506
745,1,2,3,9,12,23,10,14936459640,746822982,2489410000,22631000,2489412224
746,3,12,33,36,42,45,25,18347613381,2038623709,3057935566,52723027,3057936336
747,7,9,12,14,23,28,17,17128931256,1903214584,2854821908,48386812,2854822032
748,3,10,13,22,31,32,29,17354218878,1928246542,2892369862,49023218,2892371014
749,12,14,24,26,34,45,41,17551357135,1350104395,2925226240,45706660,2925227010
750,1,2,15,19,24,36,12,17654730002,2522104286,2942455032,66873978,2942455326
751,3,4,16,20,28,44,17,16783744880,2097968110,2797290843,40540447,2797292030
752,4,16,20,33,40,43,7,16833229506,1870358834,2805538275,37407177,2805538776
753,2,17,19,24,37,41,3,16266630378,2711105063,2711105078,46743191,2711106342
754,2,8,17,24,29,31,32,17137710000,3427542000,2856285000,57125700,2856285632
755,13,14,26,28,30,36,37,17715418128,2214427266,2952569718,54677217,2952570105
756,10,14,16,18,27,28,4,17072173500,3414434700,2845362293,53686081,2845362636
757,6,7,11,17,33,44,1,15536637018,739839858,2589439524,38079993,2589440461
758,5,9,12,30,39,43,24,16631759632,2078969954,2771959995,43999365,2771960170
759,9,33,36,40,42,43,32,18196023000,3032670500,3032670520,68924330,3032670930
760,10,22,27,31,42,43,12,18026395128,2253299391,3004399215,66764427,3004400718
761,4,7,11,24,42,45,30,16749113626,2392730518,2791518964,53683057,2791519062
762,1,3,12,21,26,41,16,16314320630,1631432063,2719053488,51302896,2719053484
763,3,8,16,32,34,43,10,17105040000,2138130000,2850840000,63352000,2850840114
764,7,22,24,31,34,36,15,17219828255,2459975465,2869971412,65226623,2869971624
765,1,3,8,12,42,43,33,16638213750,1109214250,2773035648,51352512,2773035699
766,9,30,34,35,39,41,21,17389098376,2173637297,2898183072,70687392,2898183324
767,5,15,20,31,34,42,22,17456530875,1163768725,2909421846,63248301,2909422680
768,7,27,29,30,38,44,4,17726439380,1363572260,2954406613,55743521,2954408009
769,5,7,11,16,41,45,4,17376840378,1930760042,2896140115,52657093,2896141554
770,1,9,12,23,39,43,34,17304794632,2163099329,2884132500,38455100,2884134364
771,6,10,17,18,21,29,30,17450579628,4362644907,2908429986,59355714,2908431136
772,5,6,11,14,21,41,32,17696088380,1769608838,2949348081,55648077,2949349864
773,8,12,19,21,31,35,44,17703433880,1609403080,2950572346,50871937,2950573734
774,12,15,18,28,34,42,9,18806936632,1709721512,3134489460,52241491,3134490000
775,11,12,29,33,38,42,17,17352188250,3470437650,2892031407,78163011,2892031848
776,8,9,18,21,28,40,20,17903055751,2557579393,2983842650,59676853,2983843176
777,6,12,17,21,34,37,18,17502828756,833468036,2917138158,44199063,2917138438
778,6,21,35,36,37,41,11,18792208500,6264069500,3132034796,46746788,3132035049
779,6,12,19,24,34,41,4,16804802256,1527709296,2800800420,42436370,2800801934
780,15,17,19,21,27,45,16,18342721507,1667520137,3057120270,67936006,3057120392
781,11,16,18,19,24,39,43,16946023878,1882891542,2824337360,54314180,2824338587
782,6,18,31,34,38,45,20,17518388625,1946487625,2919731444,59586356,2919732309
783,14,15,16,17,38,45,36,18415858500,4603964625,3069309780,85258605,3069311049
784,3,10,23,24,31,39,22,17178102000,1908678000,2863017039,56137589,2863018042
785,4,6,15,25,26,33,40,17319736128,2886622688,2886622695,52484049,2886623460
786,12,15,16,20,24,30,38,18205461000,4551365250,3034243584,31606704,3034245120
787,5,6,13,16,27,28,9,18552649878,3092108313,3092108325,60629575,3092108881
788,2,10,11,19,35,39,29,18219177002,1401475154,3036529510,43378993,3036531688
789,2,6,7,12,19,45,38,17114652375,1140976825,2852442110,40749173,2852442701
790,3,8,19,27,30,41,12,18568260384,1160516274,3094710067,52452713,3094712298
791,2,10,12,31,33,42,32,17543146502,1253081893,2923857750,76943625,2923857790
792,2,7,19,25,29,36,16,18590157376,2655736768,3098359615,47667071,3098360738
793,10,15,21,35,38,43,31,18750733875,3750146775,3125122354,51231514,3125123982
794,6,7,18,19,30,38,13,18556582128,2650940304,3092763690,68728082,3092764917
795,3,10,13,26,34,38,36,18864747000,1714977000,3144124532,50711686,3144125991
796,1,21,26,36,40,41,5,19344432380,2763490340,3224072104,70088524,3224073851
797,5,22,31,32,39,45,36,19176225000,2397028125,3196037502,94001103,3196037788
798,2,10,14,22,32,36,41,18975543377,2710791911,3162590580,52709843,3162591396
799,12,17,23,34,42,45,33,18264272250,1826427225,3044045424,54357954,3044046354
800,1,4,10,12,28,45,26,17954708255,1632246205,2992451418,58675518,2992453385
801,17,25,28,37,43,44,2,18054293256,2256786657,3009048909,59000959,3009050722
802,10,11,12,18,24,42,27,17327167888,1082947993,2887861336,43102408,2887861707
803,5,9,14,26,30,43,2,18319051125,3663810225,3053175200,61063504,3053175546
804,1,10,13,26,32,36,9,17951961753,1631996523,2991993655,61061095,2991994880
805,3,12,13,18,31,32,42,17064247876,4266061969,2844041321,53661157,2844042725
806,14,20,23,31,37,38,27,18485326125,2640760875,3080887734,54050662,3080888250
807,6,10,18,25,34,35,33,17063636254,2437662322,2843939417,48202363,2843940435
808,15,21,31,32,41,43,24,18525723000,3087620500,3087620510,67122185,3087620982
809,6,11,15,17,23,40,39,17528236500,2921372750,2921372776,52167371,2921374405
810,5,10,13,21,39,43,11,17852784376,2231598047,2975464064,46491626,2975464225
811,8,11,19,21,36,45,25,17669037379,2524148197,2944839583,60098767,2944841607
812,1,3,12,14,16,43,10,17687728500,2947954750,2947954768,43352276,2947954880
813,11,30,34,35,42,44,27,18367052628,4591763157,3061175461,71190127,3061177200
814,2,21,28,38,42,45,30,18403152378,3067192063,3067192076,58984463,3067193727
815,17,21,25,26,27,36,4,18058987506,2579855358,3009831279,77175161,3009832813
816,12,18,19,29,31,39,7,17024863504,2128107938,2837477269,42350407,2837477808
817,3,9,12,13,25,43,34,16816296006,1868477334,2802716046,51902149,2802716972
818,14,15,25,28,29,30,3,17950456134,1380804318,2991742689,76711351,2991743145
819,16,25,33,38,40,45,15,18161743880,2594534840,3026957360,61774640,3026958095
820,10,21,22,30,35,42,6,18509254128,4627313532,3084875700,51414595,3084877110
821,1,12,13,24,29,44,16,18426183384,1316155956,3071030600,55836920,3071031600
822,9,18,20,24,27,36,12,17792695875,5930898625,2965449386,37537334,2965449621
823,12,18,24,26,39,40,15,18088595253,2009843917,3014765912,49422392,3014766256
824,7,9,24,29,34,38,26,18849698250,1256646550,3141616422,61600322,3141617076
825,8,15,21,31,33,38,42,19904526756,1658710563,3317421156,62592852,3317421185
826,13,16,24,25,33,36,42,18676728756,2075192084,3112788145,66229535,3112789608
827,5,11,12,29,33,44,14,18097505625,1206500375,3016250958,65570673,3016252562
828,4,7,13,29,31,39,18,18917417636,1455185972,3152902988,50853274,3152903280
829,4,5,31,35,43,45,29,19557205128,2444650641,3259534230,72434094,3259534223
830,5,6,16,18,37,38,17,18544758750,2060528750,3090793200,38634915,3090794616
831,3,10,16,19,31,39,9,17771236128,1110702258,2961872690,48555290,2961872760
832,13,14,19,26,40,43,30,18793841256,2088204584,3132306900,52205115,3132307750
833,12,18,30,39,41,42,19,18850538256,2356317282,3141756419,59278423,3141756555
834,6,8,18,35,42,43,3,18597630381,1690693671,3099605068,65949044,3099606468
835,9,10,13,28,38,45,35,18505216875,1233681125,3084202838,53175911,3084203514
836,1,9,11,14,26,28,19,17609811380,1257843670,2934968586,47338203,2934969900
837,2,25,28,30,33,45,6,18866694750,3144449125,3144449131,66903173,3144450176
838,9,14,17,33,36,38,20,19068665250,3813733050,3178110900,46736925,3178112040
839,3,9,11,12,13,19,35,17672913752,1359454904,2945485632,61364284,2945486232
840,2,4,11,28,29,43,27,20429617880,2042961788,3404936358,66763458,3404937900
841,5,11,14,30,33,38,24,18973627138,1116095714,3162271200,35934900,3162272610
842,14,26,32,36,39,42,38,20354750250,2035475025,3392458398,80772819,3392459654
843,19,21,30,33,34,42,4,20064850500,4012970100,3344141788,64310419,3344142802
844,7,8,13,15,33,45,18,20933343756,1162963542,3488890679,47793023,3488892480
845,1,16,29,33,40,45,6,20803389002,1891217182,3467231544,61914849,3467233096
846,5,18,30,41,43,45,13,20759497135,1596884395,3459916197,50143713,3459916329
847,12,16,26,28,30,42,22,20166773256,2520846657,3361128880,84028222,3361130703
848,1,2,16,22,38,39,34,21081066006,3011580858,3513511008,83655024,3513511749
849,5,13,17,29,34,39,3,19690299011,1158252883,3281716536,58602081,3281716656
850,16,20,24,28,36,39,5,20265527250,3377587875,3377587895,61410689,3377588662
851,14,18,22,26,31,44,40,19869538504,2483692313,3311589750,47308425,3311589897
852,11,17,28,30,33,35,9,19206173628,4801543407,3201028984,47776552,3201030264
853,2,8,23,26,27,44,13,20195047502,2885006786,3365841330,37398237,3365842380
854,20,25,31,32,36,43,3,20530240500,3421706750,3421706772,77766063,3421708040
855,8,15,17,19,43,44,7,20425594500,2269510500,3404265796,55807636,3404267508
856,10,24,40,41,43,44,17,19889637750,3977927550,3314939643,62546031,3314941058
857,6,10,16,28,34,38,43,19273731375,1284915425,3212288572,51811106,3212288838
858,9,13,32,38,39,43,23,19821127131,2202347459,3303521208,80573688,3303522425
859,8,22,35,38,39,41,24,20393202379,1853927489,3398867103,66644453,3398868210
860,4,8,18,25,27,32,42,18798998250,1879899825,3133166404,50534942,3133167687
861,11,17,19,21,22,25,24,19488435376,4872108844,3248072620,49970348,3248073744
862,10,34,38,40,42,43,32,19718304381,2190922709,3286384101,52164827,3286384590
863,16,21,28,35,39,43,12,19973501254,2853357322,3328916928,52014327,3328917408
864,3,7,10,13,25,36,32,18882090007,1716553637,3147015040,49172110,3147016215
865,3,15,22,32,33,45,2,20172478885,1551729145,3362079864,64655382,3362079924
866,9,15,29,34,37,39,12,20163681000,2240409000,3360613516,49420787,3360615280
867,14,17,19,22,24,40,41,19668776250,3933755250,3278129394,57511042,3278129550
868,12,17,28,41,43,44,25,19402825500,3233804250,3233804285,53013185,3233806096
869,2,6,20,27,37,39,4,19225825880,1922582588,3204304320,57219720,3204305520
870,21,25,30,32,40,42,31,19288429880,1928842988,3214738320,66973715,3214740207
871,2,6,12,26,30,34,38,19026499506,2718071358,3171083292,51984972,3171085394
872,2,4,30,32,33,43,29,20203289264,1262705579,3367214904,73200324,3367216638
873,3,5,12,13,33,39,38,18745532250,1874553225,3124255376,45944932,3124255500
874,1,15,19,23,28,42,32,20108230506,1117123917,3351371772,49284879,3351373760
875,19,22,30,34,39,44,36,19823254136,1415946724,3303875718,100117446,3303876798
876,5,16,21,26,34,42,24,20722499264,1090657856,3453749906,58538134,3453752058
877,5,17,18,22,23,43,12,20599286256,1716607188,3433214400,45776192,3433214939
878,2,6,11,16,25,31,3,19247961000,3207993500,3207993540,46492660,3207993699
879,1,4,10,14,15,35,20,19238167878,3206361313,3206361389,41641057,3206362986
880,7,17,19,23,24,45,38,19864673255,2837810465,3310778900,63668825,3310780044
881,4,18,20,26,27,32,9,20025698256,2503212282,3337616390,49815170,3337616458
882,18,34,39,43,44,45,23,20636352000,4127270400,3439392000,78168000,3439393212
883,9,18,32,33,37,44,22,20407792875,1360519525,3401298875,52327675,3401300700
884,4,14,23,28,37,45,17,21588927384,1799077282,3598154614,48623711,3598155966
885,1,3,24,27,39,45,31,20069823384,1543832568,3344970608,59731618,3344972623
886,19,23,28,37,42,45,2,20822506502,2974643786,3470417760,58820640,3470418740
887,8,14,17,27,36,45,10,20282149504,2535268688,3380358300,51217550,3380359668
888,3,7,12,31,34,38,32,18962873632,2370359204,3160478960,53567440,3160479542
889,3,13,29,38,39,42,26,21089869500,2108986950,3514978260,58582971,3514979594
890,1,4,14,18,29,37,6,21019375503,2335486167,3503229290,60400505,3503231424
891,9,13,28,31,39,41,19,21578717629,3082673947,3596453014,46707182,3596455121
892,4,9,17,18,26,42,36,21794296888,1282017464,3632382858,46569011,3632384322
893,1,15,17,23,25,41,10,21396902625,2377433625,3566150474,61485353,3566152360
894,19,32,37,40,41,43,45,21401423631,2377935959,3566903984,63694714,3566905524
895,16,26,31,38,39,41,23,23136950628,1928079219,3856158478,66485491,3856160000
896,5,12,25,26,38,45,23,21372554252,3053222036,3562092386,77436791,3562093458
897,6,7,12,22,26,36,29,21058992760,1619922520,3509832152,56610196,3509832700
898,18,21,28,35,37,42,17,21114505880,2639313235,3519084352,62840792,3519087120
899,8,19,20,21,33,39,37,20156136378,3359356063,3359356081,63384077,3359357934
900,7,13,16,18,35,38,14,20099108250,3349851375,3349851411,65683361,3349851750
901,5,18,20,23,30,34,21,20411772003,2267974667,3401962051,50775553,3401961996
902,7,19,23,24,36,39,30,21051127877,1619317529,3508521330,52365990,3508522452
903,2,15,16,21,22,28,45,21899568756,1684582212,3649928170,74488330,3649930308
904,2,6,8,26,43,45,11,21744622504,2718077813,3624103836,39392433,3624105087
905,3,4,16,27,38,40,20,21125037752,3017862536,3520839630,45725190,3520840734
906,2,5,14,28,31,32,20,22253465250,2472607250,3708910926,58871602,3708911138
907,21,27,29,38,40,44,37,22155413252,3165059036,3692568923,55112969,3692569500
908,3,16,21,22,23,44,30,22678849128,2834856141,3779808225,66312425,3779809422
909,7,24,29,30,34,35,33,22231691625,2021062875,3705282000,58814000,3705282708
910,1,11,17,27,35,39,31,19767643875,941316375,3294607320,45758435,3294608442
911,4,5,12,14,32,42,35,21135386250,2113538625,3522564402,60733869,3522565665
912,5,8,18,21,22,38,10,20909008134,1493500581,3484834710,49783353,3484835964
913,6,14,16,21,27,37,40,21420089632,1338755602,3570014976,54091136,3570015436
914,16,19,24,33,42,44,27,21450061127,1950005557,3575010230,65000186,3575011055
915,2,6,11,13,22,37,14,21111843000,3518640500,3518640531,55851437,3518641224
916,6,21,22,32,35,36,17,22279227751,2025384341,3713204670,53045781,3713206224
917,1,3,23,24,27,43,34,21447996380,2144799638,3574666075,76056725,3574666860
918,7,11,12,31,33,38,5,20117207628,1117622646,3352867982,38986837,3352870440
919,9,14,17,18,42,44,35,21525752250,4305150450,3587625384,64064739,3587627736
920,2,3,26,33,34,43,29,21841821379,3120260197,3640303569,68684973,3640303980
921,5,7,12,22,28,41,1,20953747885,1232573405,3492291384,48504047,3492293886
922,2,6,13,17,27,43,36,20507427000,3417904500,3417904558,38403422,3417904548
923,3,17,18,23,36,41,26,21340437000,2667554625,3556739536,63513206,3556741320
924,3,11,34,42,43,44,13,21441876003,2382430667,3573646068,51791972,3573646874
925,13,24,32,34,39,42,4,21252966384,1771080532,3542161072,52090604,3542162310
926,10,16,18,20,25,31,6,20324906630,2032490663,3387484440,47048395,3387485161
927,4,15,22,38,41,43,26,22285223250,3714203875,3714203934,58955618,3714206076
928,3,4,10,20,28,44,30,21942139506,3134591358,3657023316,45148436,3657023279
929,7,9,12,15,19,23,4,20928562512,1308035157,3488093791,38330701,3488095516
930,8,21,25,38,39,44,28,22659350632,2832418829,3776558445,68664699,3776559232
931,14,15,23,25,35,43,32,23656864504,2957108063,3942810756,73015014,3942812588
932,1,6,15,36,37,38,5,23730160881,3390022983,3955026816,61797294,3955027780
933,23,27,29,31,36,45,37,23422376632,2927797079,3903729480,61963960,3903731505
934,1,3,30,33,36,39,12,23063091376,5765772844,3843848580,58240130,3843848960
935,4,10,20,32,38,44,18,22243720512,1711055424,3707286840,30894057,3707288536
936,7,11,13,17,18,29,43,20888968506,1492069179,3481494786,45214218,3481495584
937,2,10,13,22,29,40,26,22642629009,2058420819,3773771526,66206518,3773773840
938,4,8,10,16,31,36,9,22494665630,2249466563,3749110976,58579859,3749112087
939,4,11,28,39,42,45,6,22208719507,1708363039,3701453257,55245571,3701455020
940,3,15,20,22,24,41,11,22768568632,2846071079,3794761488,74407088,3794763137
941,12,14,25,27,39,40,35,21556758752,1347297422,3592793151,41296473,3592796175
942,10,12,18,35,42,43,39,22570081878,3761680313,3761680364,72340007,3761682773
943,1,8,13,36,44,45,39,24045315756,3435045108,4007552658,54156117,4007554326
944,2,13,16,19,32,33,42,25503872628,1961836356,4250645481,53805639,4250648448
945,9,10,15,30,33,37,26,22952208383,1765554491,3825368104,53878424,3825369570
946,9,18,19,30,34,40,20,23734218002,2157656182,3955703017,55714127,3955703079
947,3,8,17,20,27,35,26,22965403500,1275855750,3827567262,65992539,3827567342
948,13,18,30,31,38,41,5,24074035876,2188548716,4012339320,44581548,4012339520
949,14,21,35,36,40,44,30,24585697130,2458569713,4097616250,63040250,4097617288
950,3,4,15,22,28,40,10,26255364000,3281920500,4375894017,65311851,4375894614
951,2,12,30,31,39,43,38,24465737254,1747552661,4077622944,56633652,4077625644
952,4,12,22,24,33,41,38,24423298506,2713699834,4070549829,43769353,4070552082
953,7,9,22,27,37,42,34,22968904126,1640636009,3828150780,37530890,3828153168
954,1,9,26,28,30,41,32,24787959000,2478795900,4131326528,64551977,4131326788
955,4,9,23,26,29,33,8,24278042256,2023170188,4046340410,56990710,4046340650
956,10,11,20,21,25,41,40,22252809381,2022982671,3708801600,27270600,3708802718
957,4,15,24,35,36,40,1,23392975507,2126634137,3898829274,63915234,3898830915
958,2,9,10,16,35,37,1,23941795125,1596119675,3990299235,59556705,3990299820
959,1,14,15,24,40,41,35,24122503128,3015312891,4020417225,53605563,4020418764
960,2,18,24,30,32,45,14,24011332130,2401133213,4001888688,71462298,4001890578
961,11,20,29,31,33,42,43,23177080881,2575231209,3862846830,52915710,3862847296
962,1,18,28,31,34,43,40,23290873128,1940906094,3881812230,53175510,3881813676
963,6,12,19,23,34,42,35,22147171875,1476478125,3691195380,54282285,3691198105
964,6,21,36,38,39,43,30,23458610630,2345861063,3909768460,75187855,3909770107
965,2,13,25,28,29,36,34,23823442503,3403348929,3970573766,86316821,3970575336
966,1,21,25,29,34,37,36,24113035130,2411303513,4018839200,80376784,4018841232
967,1,6,13,37,38,40,9,23239104376,5809776094,3873184107,56133103,3873184425
968,2,5,12,14,24,39,33,21680485879,1667729683,3613414318,37251694,3613416428
969,3,9,10,29,40,45,7,22988557880,1149427894,3831426368,68418328,3831428381
970,9,11,16,21,28,36,5,22561616630,1611544045,3760269456,43221488,3760271150
971,2,6,17,18,21,26,7,22355281500,3725880250,3725880266,60094843,3725880525
972,3,6,17,23,37,39,26,22497724880,1124886244,3749620880,46870261,3749622290
973,22,26,31,37,41,42,24,23301942000,2912742750,3883657008,92468024,3883658269
974,1,2,11,16,39,44,32,22389586891,1317034523,3731597826,56539361,3731598044
975,7,8,9,17,22,24,5,21963693375,2440410375,3660615612,60010092,3660616932
976,4,12,14,25,35,37,2,22707070505,3243867215,3784511793,54847997,3784514495
977,2,9,10,14,22,44,16,23378682754,1669905911,3896447136,47517648,3896448566
978,1,7,15,32,34,42,8,23733913880,2373391388,3955652330,56509319,3955653936
979,7,11,16,21,27,33,24,22489607252,1606400518,3748267891,47446429,3748268154
980,3,13,16,23,24,35,14,23866102505,3409443215,3977683780,56824054,3977685113
981,27,36,37,41,43,45,32,25907221509,1992863193,4317870310,66428774,4317870584
982,5,7,13,20,21,44,33,24189045376,3023630672,4031507619,49771699,4031508432
983,13,23,26,31,35,43,15,25034222250,2503422225,4172370384,53491928,4172372160
984,3,10,23,35,36,37,18,24171043876,3453006268,4028507328,62945427,4028509144
985,17,21,23,30,34,44,19,24347529750,2434752975,4057921638,65450349,4057923049
986,7,10,16,28,41,42,40,23752751250,2375275125,3958791900,56554170,3958792614
987,2,4,15,23,29,38,7,23787116250,2378711625,3964519405,54308485,3964520840
988,2,13,20,30,31,41,27,24106404375,2678489375,4017734073,65864493,4017734675
989,17,18,21,27,29,33,26,23307074252,5826768563,3884512401,61658927,3884513152
990,2,4,25,26,36,37,28,24361333878,1740095277,4060222320,72503970,4060223416
991,13,18,25,31,33,44,38,23233328256,2904166032,3872221430,35202013,3872223242
992,12,20,26,33,44,45,24,23843466756,1986955563,3973911180,68515710,3973911228
993,6,14,16,18,24,42,44,23947182378,3991197063,3991197070,57017101,3991197924
994,1,3,8,24,27,35,28,22338984756,1861582063,3723164130,53188059,3723166037
995,1,4,13,29,38,39,7,24130903125,3447271875,4021817214,58287206,4021819452
996,6,11,15,24,32,39,28,26841343878,1491185771,4473557374,52018109,4473560465
997,4,7,14,16,24,44,20,23821241640,1253749560,3970206945,46708317,3970206968
998,13,17,18,20,42,45,41,24917995884,2076499657,4152999334,78358478,4153001392
999,1,3,9,14,18,28,34,24212396640,1513274790,4035399481,60229843,4035400398
1000,2,8,19,22,32,42,39,27430031640,1246819620,4571672005,41941945,4571672364
1001,6,10,12,14,20,42,15,24927355128,2077279594,4154559222,62947867,4154559530
1002,17,25,33,35,38,45,15,24707596504,3088449563,4117932780,48446268,4117935468
1003,1,4,29,39,43,45,31,25355635508,1811116822,4225939278,64029383,4225941753
1004,7,15,30,37,39,44,18,25762519130,2576251913,4293753240,63143430,4293754255
1005,8,13,18,24,27,29,17,24734392128,2061199344,4122398700,49076175,4122399724
1006,8,11,15,16,17,37,36,25700419125,2855602125,4283403215,65898511,4283404866
1007,8,11,16,19,21,25,40,24469077375,2718786375,4078179630,58259709,4078182240
1008,9,11,30,31,41,44,33,24941157010,2267377910,4156859534,42854222,4156862310
1009,15,23,29,34,40,44,20,25536942375,1702462825,4256157084,61683436,4256157192
1010,9,12,15,25,34,36,3,24955040632,3119380079,4159173480,63017780,4159174608
1011,1,9,12,26,35,38,42,24423833632,2220348512,4070638964,53561039,4070640452
1012,5,11,18,20,35,45,3,24205276134,1861944318,4034212696,53081746,4034214954
1013,21,22,26,34,36,41,32,25237853625,5047570725,4206308943,53244417,4206310020
1014,3,11,14,18,26,27,21,24104493380,2410449338,4017415566,58223414,4017417635
1015,14,23,31,33,37,40,44,24408844880,3051105610,4068140868,39883734,4068141120
1016,15,26,28,34,41,42,44,24867267381,2260660671,4144544580,60949185,4144546348
1017,12,18,22,23,30,34,32,24623793754,3517684822,4103965670,58628081,4103967076
1018,3,19,21,25,37,45,35,24723489376,12361744688,4120581566,66460993,4120583537
1019,1,4,13,17,34,39,6,21928257000,438565140,3654709500,48729460,3654712782
1020,12,27,29,38,41,45,6,25563609760,1966431520,4260601653,55332489,4260602637
1021,12,15,17,24,29,45,16,25307547000,2108962250,4217924536,75320081,4217925127
1022,5,6,11,29,42,45,28,24332340375,4866468075,4055390073,64371271,4055391060
1023,10,14,16,18,29,35,25,24711100875,2745677875,4118516856,57201623,4118518278
1024,9,18,20,22,38,44,10,24162588000,3020323500,4027098033,63922191,4027099176
1025,8,9,20,25,29,33,7,24475413376,6118853344,4079235564,59119356,4079236672
1026,5,12,13,31,32,41,34,24286777125,1619118475,4047796252,53260477,4047798902
1027,14,16,27,35,39,45,5,24605043380,2460504338,4100840594,49407718,4100841000
1028,5,7,12,13,18,35,23,23624702640,1181235132,3937450517,43268687,3937450680
1029,12,30,32,37,39,41,24,25278484500,2527848450,4213080792,67952916,4213083132
1030,2,5,11,17,24,29,9,24251723633,1276406507,4041953968,38864942,4041954290
1031,6,7,22,32,35,36,19,25711660504,3213957563,4285276800,66957450,4285278977
1032,1,6,12,19,36,42,28,26752575380,2675257538,4458762630,49541807,4458763098
1033,3,11,15,20,35,44,10,24874394259,1913414943,4145732375,52477625,4145734764
1034,26,31,32,33,38,40,11,25819705881,2868856209,4303284348,65201278,4303286568
1035,9,14,34,35,41,42,2,25849549880,3231193735,4308258345,60679695,4308260736
1036,2,5,22,32,34,45,39,25535908503,2837323167,4255984768,66499762,4255986841
1037,2,14,15,22,27,33,31,25628652375,1708576825,4271442084,54762078,4271442155
1038,7,16,24,27,37,44,2,24411858375,1627457225,4068643117,52839521,4068643624
1039,2,3,6,19,36,39,26,25360314752,1585019672,4226719200,52833990,4226720293
1040,8,16,26,29,31,36,11,25623378375,3660482625,4270563108,67786716,4270564305
1041,6,7,9,11,17,18,45,23377279125,935091165,3896213255,45837803,3896213951
1042,5,14,15,23,34,43,4,24813273380,1240663669,4135545600,41355456,4135547697
1043,3,5,12,22,26,31,19,24966998252,1468646956,4161166416,48385656,4161167064
1044,12,17,20,26,28,36,4,25095529880,3136941235,4182588360,58091505,4182590559
1045,6,14,15,19,21,41,37,25870785759,1990060443,4311797663,64355189,4311798246
1046,7,16,25,29,35,36,28,24136988628,2011415719,4022831487,70575991,4022831516
1047,2,20,33,40,42,44,32,24739180875,2748797875,4123196893,49677071,4123197408
1048,6,12,17,21,32,39,30,27412406636,1612494508,4568734530,44791515,4568735248
1049,3,5,13,20,21,37,17,25917151500,1727810100,4319525288,48533992,4319526288
1050,6,12,31,35,38,43,17,26096415760,1535083280,4349402680,62134324,4349404342
1051,21,26,30,32,33,35,44,30052052640,1669558480,5008675490,71552507,5008677464
1052,5,17,26,27,35,38,1,25758510382,2341682762,4293085104,39750788,4293085720
1053,22,26,29,30,34,45,15,28632571877,4090367411,4772095360,74563990,4772096770
1054,14,19,27,28,30,45,33,28331331381,3147925709,4721888622,71543767,4721890478
1055,4,7,12,14,22,33,31,25990967255,2362815205,4331827912,47085086,4331830795
1056,13,20,24,32,36,45,29,27575274384,1969662456,4595879088,56739248,4595881972
1057,8,13,19,27,40,45,12,27473185138,1616069714,4578864320,6895880,4578866940
1058,11,23,25,30,32,40,42,26754263250,2058020250,4459043880,74317398,4459046032
1059,7,10,22,25,34,40,27,26431190253,2033168481,4405198440,53074680,4405198774
1060,3,10,24,33,38,45,36,25150689396,898238907,4191781632,43664392,4191783078
1061,4,24,27,35,37,45,15,26650456503,2422768773,4441742811,44866089,4441743306
1062,20,31,32,40,41,45,12,26613536628,3801933804,4435589476,65229257,4435590020
1063,3,6,22,23,24,38,30,26392183125,3770311875,4398697215,79976313,4398697710
1064,3,6,9,18,22,35,14,25615194014,1348168106,4269199038,68858049,4269200032
1065,3,18,19,23,32,45,24,25936315132,1852593938,4322719250,58415125,4322721057
1066,6,11,16,19,21,32,45,25064208750,1670947250,4177368184,47470093,4177369884
1067,7,10,19,23,28,33,18,25754482130,1981114010,4292413738,52346509,4292414386
1068,4,7,19,26,33,35,3,25914660766,1363929514,4319110128,49644944,4319111772
1069,1,10,18,22,28,31,44,26085045756,1863217554,4347507697,55031743,4347508662
1070,3,6,14,22,30,41,36,26027637006,1859116929,4337939529,68856183,4337942310
1071,1,2,11,21,30,35,39,25919898750,5183979750,4319983170,52047990,4319983717
1072,16,18,20,23,32,43,27,26100076500,2175006375,4350012783,46774331,4350014488
1073,6,18,28,30,32,38,15,25797503633,2345227603,4299583998,69348129,4299584598
1074,1,6,20,27,28,41,15,25617163884,2134763657,4269527340,54737530,4269529501
1075,1,23,24,35,44,45,10,26067034503,2896337167,4344505760,27153161,4344507750
1076,3,7,9,33,36,37,10,24054207750,2672689750,4009034652,46616682,4009036846
1077,4,8,17,30,40,43,34,24996307126,3570901018,4166051246,42510727,4166052410
1078,6,10,11,14,36,38,43,25699259256,2141604938,4283209931,55626103,4283210880
1079,4,8,18,24,37,45,6,24410964753,2712329417,4068494145,47864637,4068495860
1080,13,16,23,31,36,44,38,25476111003,3639444429,4246018548,51780714,4246020640
1081,1,9,16,23,24,38,17,25782822384,2343892944,4297137104,46708012,4297137376
1082,21,26,27,32,34,42,31,26043427501,3720489643,4340571268,70009214,4340572768
1083,3,7,14,15,22,38,17,25696267875,1713084525,4282711344,59482102,4282712852
1084,8,12,13,29,33,42,5,26081469000,1738764600,4346911594,40625342,4346911569
1085,4,7,17,18,38,44,36,24685381879,1073277473,4114230320,51427879,4114231836
1086,11,16,25,27,35,36,37,25770534753,1515913809,4295089136,64105808,4295089410
1087,13,14,18,21,34,44,16,27716057632,1732253602,4619342999,65061169,4619344072
1088,11,21,22,30,39,44,31,26781676878,2434697898,4463612842,47485243,4463612868
1089,4,18,31,37,42,43,40,26806699503,2978522167,4467783301,56554219,4467785525
1090,12,19,21,29,40,45,1,26251440754,2386494614,4375240144,49718638,4375241457
1091,6,20,23,24,28,30,44,26086234131,2898470459,4347705700,66887780,4347708027
1092,7,18,19,26,33,45,37,25332637504,1583289844,4222106280,50263170,4222109388
1093,10,17,22,30,35,43,44,25571529750,1967040750,4261921625,65568025,4261923600
1094,6,7,15,22,26,40,41,25354253628,2112854469,4225709016,48571368,4225709275
1095,8,14,28,29,34,40,12,26178255750,2617825575,4363042656,76544608,4363042656
1096,1,12,16,19,23,43,34,25393911750,2539391175,4232318640,49791984,4232320408
1097,14,33,34,35,37,40,4,27050051630,3864293090,4508341962,67288686,4508342157
1098,12,16,21,24,41,43,15,25096004635,1930461895,4182667488,61509816,4182669640
1099,3,20,28,38,40,43,4,26639407125,2959934125,4439901220,62533820,4439903800
1100,17,26,29,30,31,43,12,28698481136,2207575472,4783080213,59050373,4783082040
1101,6,7,13,28,36,42,41,27306883500,2100529500,4551147300,60681964,4551147900
1102,13,14,22,26,37,38,20,27671828260,1383591413,4611971385,73205895,4611973158
1103,10,12,29,31,40,44,2,26765133761,1574419633,4460855644,58695469,4460858412
1104,1,7,21,30,35,38,2,27257896500,1817193100,4542982764,59776089,4542984000
1105,6,16,34,37,39,40,11,27522807000,1834853800,4587134523,55266681,4587136974
1106,1,3,4,29,42,45,36,30695091009,2790462819,5115848516,76355948,5115851118
1107,6,14,30,31,40,41,29,28358753262,2025625233,4726458926,57639743,4726461294
1108,7,19,26,37,39,44,27,27411871886,1957990849,4568645376,47590056,4568647839
1109,10,12,13,19,33,40,2,26933998875,1584352875,4488999816,53440474,4489003094
1110,3,7,11,20,22,41,24,26358283504,1647392719,4393047252,37229214,4393050732
1111,3,13,30,33,43,45,4,27434600640,1714662540,4572433530,47138490,4572436960
1112,16,20,26,36,42,44,24,28044556500,2804455650,4674092808,79221912,4674095311
1113,11,13,20,21,32,44,8,27823975508,1987426822,4637329278,81356654,4637329792
1114,10,16,19,32,33,38,3,26924835008,1583813824,4487472528,50994006,4487474653
1115,7,12,23,32,34,36,8,27087339384,2257278282,4514556600,75242610,4514557803
1116,15,16,17,25,30,31,32,26950002380,2695000238,4491667146,39400589,4491669936
1117,3,4,9,30,33,36,7,27255469878,3028385542,4542578388,48325302,4542581431
1118,11,13,14,15,16,45,3,28071457508,1477445132,4678576272,64980226,4678577646
1119,1,9,12,13,20,45,3,26524546516,1396028764,4420757831,45574823,4420760148
1120,2,19,26,31,38,41,34,27743797125,2522163375,4623966256,50812816,4623967048
1121,6,24,31,32,38,44,8,27769645882,2524513262,4628274372,60898347,4628277188
1122,3,6,21,30,34,35,22,28118926506,2556266046,4686487839,47338261,4686488276
1123,13,19,21,24,34,35,26,27700971376,1731310711,4616828601,59958813,4616829380
1124,3,8,17,30,33,34,28,26233279130,2623327913,4372213188,50255324,4372215615
1125,6,14,25,33,40,44,30,26343470256,2195289188,4390578426,56289467,4390579452
1126,4,5,9,11,37,40,7,26250206631,2386382421,4375034482,48077302,4375036098
1127,10,15,24,30,31,37,32,27214703628,2267891969,4535783952,53997428,4535785863
1128,1,5,8,16,28,33,45,26455310280,419925560,4409218429,57262577,4409221219
1129,5,10,11,17,28,34,22,26065244260,2369567660,4344207383,40600069,4344207750
1130,15,19,21,25,27,28,40,27159614628,2263301219,4526602446,65602934,4526604200
1131,1,2,6,14,27,38,33,26220254266,1542367898,4370042376,78036471,4370043033
1132,6,7,19,28,34,41,5,26454469877,2404951807,4409078382,60398334,4409079296
1133,13,14,20,28,29,34,23,27366033383,2105079491,4561005617,62479529,4561007962
1134,3,7,9,13,19,24,23,24579651376,1755689384,4096608566,42233078,4096608796
1135,1,6,13,19,21,33,4,26583535125,2953726125,4430589254,48687794,4430591544
1136,21,33,35,38,42,44,1,27773617884,2314468157,4628936325,61719151,4628938340
